config,crater_cap,n,useful_leave base,useful_leave base_ci,useful_radio edge,useful_radio edge_ci,useful_transit,useful_transit_ci,useful_crater,useful_crater_ci,useful_contested out,useful_contested out_ci,useful_inspection,useful_inspection_ci,useful_contested back,useful_contested back_ci,useful_transit back,useful_transit back_ci,useful_radio back,useful_radio back_ci,scan_drive_s,scan_drive_s_ci,lidar_crater_s,lidar_crater_s_ci,still_s,still_s_ci,clip_s,clip_s_ci,req_mean_s,req_mean_s_ci,req_max_s,req_max_s_ci,bg_backlog_mb_at_end,bg_backlog_mb_at_end_ci,bg_delivered_mb,bg_delivered_mb_ci,bulk_mbit_total,bulk_mbit_total_ci,needed_fps_while_req_drive,needed_fps_while_req_drive_ci,needed_level_while_req_stopped,needed_level_while_req_stopped_ci,fps_delivered_mean_DRIVE,fps_delivered_mean_DRIVE_ci,level_mean_DRIVE,level_mean_DRIVE_ci,frame_delay_p95_ms_DRIVE,frame_delay_p95_ms_DRIVE_ci,fps_delivered_mean_REVERSE,fps_delivered_mean_REVERSE_ci,level_mean_REVERSE,level_mean_REVERSE_ci,frame_delay_p95_ms_REVERSE,frame_delay_p95_ms_REVERSE_ci,fps_delivered_mean_PRECISION,fps_delivered_mean_PRECISION_ci,level_mean_PRECISION,level_mean_PRECISION_ci,frame_delay_p95_ms_PRECISION,frame_delay_p95_ms_PRECISION_ci,fps_delivered_mean_STOPPED,fps_delivered_mean_STOPPED_ci,level_mean_STOPPED,level_mean_STOPPED_ci,frame_delay_p95_ms_STOPPED,frame_delay_p95_ms_STOPPED_ci,n_transition_events,n_transition_events_ci,n_trans_updown,n_trans_updown_ci,n_trans_capacity,n_trans_capacity_ci,useful_transition_pct,useful_transition_pct_ci,interruptions_transition,interruptions_transition_ci,radio_leave_minus_fail_s,radio_leave_minus_fail_s_ci,mission_time_s,mission_time_s_ci,mission_completed,mission_completed_ci,lost_link_creep_s,lost_link_creep_s_ci,final_d_km,final_d_km_ci,max_d_km,max_d_km_ci,prot_level_mean,prot_level_mean_ci,interruptions,interruptions_ci,longest_interruption_s,longest_interruption_s_ci,useful_view_pct,useful_view_pct_ci,live_view_pct,live_view_pct_ci,useful_view_pct_bulk,useful_view_pct_bulk_ci,video_delay_p95_ms,video_delay_p95_ms_ci,video_delay_p95_bulk_ms,video_delay_p95_bulk_ms_ci,blind_m,blind_m_ci,max_cmd_gap_s,max_cmd_gap_s_ci,stale_exec,stale_exec_ci,failsafe_stops,failsafe_stops_ci,failsafe_s,failsafe_s_ci,switches,switches_ci,false_switches,false_switches_ci,pingpongs,pingpongs_ci,dup_overhead_pct,dup_overhead_pct_ci,qdelay_max_radio_ms,qdelay_max_radio_ms_ci,qdelay_max_starlink_ms,qdelay_max_starlink_ms_ci,qdelay_max_lte_ms,qdelay_max_lte_ms_ci,qdelay_bulk_max_radio_ms,qdelay_bulk_max_radio_ms_ci,qdelay_bulk_max_starlink_ms,qdelay_bulk_max_starlink_ms_ci,qdelay_bulk_max_lte_ms,qdelay_bulk_max_lte_ms_ci,bulk_qdelay_over40_pct,bulk_qdelay_over40_pct_ci,total_mbit,total_mbit_ci
Baseline,750.0,3,100.0,0.0,92.66666666666667,2.2226140099074834,96.78712217579744,2.7871638389004203,5.645990715342531,0.5349369425207353,14.228387860176412,1.674457281816442,100.0,0.0,14.319484320364035,4.055460758323585,95.78054704879979,2.056864091284284,96.19999999999999,2.15896765453615,56.713333333120545,4.228293382017374,140.9633333329474,68.35607116159676,10.173333333066353,0.03266666666663696,177.58666666624754,0.8615334029758187,96.35916666634546,15.848701459972071,177.95333333291384,0.6015990395967833,77.34998267458109,6.321865312343038,252.65001732541887,6.3218653123430375,2659.3948746467613,51.312849654722726,18.916903696460697,0.26825176192378675,4.150523532191183,0.07713930286709766,16.30122725132358,0.19289629360235486,4.276891675061903,0.059753870210108466,104.92718699329832,5.987946830102162,8.721854912764003,0.3379195809689095,1.917263544536272,0.05595692407210304,326.04882148043157,10.976871627827823,11.69739354209383,0.0536725000551615,2.36111191329562,0.0076962902598398195,338.3063076649269,1.0831994608039404,19.21826809015421,0.24668334556513233,5.0,0.0,36.214753398733514,1.0483083284935109,73.66666666666667,6.914230092915464,43.666666666666664,6.232402782590712,30.0,1.1316065276116665,79.95904160640914,1.2163590178681467,48.0,9.865116995420449,4.033333333333341,7.373120672038697,1329.433333332672,1.2426221379707385,1.0,0.0,3.0600000000000023,0.0,1.3998749999999116,3.919999999358363e-05,3.000255000000866,6.789639165136565e-05,4.156888711085954,0.0556357190414231,66.0,8.838129515532872,67.96666666666708,1.0267939315060535,75.87765224843665,1.3049021065275894,97.99454807759544,0.19602638528857447,93.57136141324325,1.5401439900300484,145.06823281663503,4.521211552342235,58.725269884908435,4.108191262229873,779.7083333333335,62.32043852630624,6.051195511777678,0.0024696400796495287,74.66666666666667,6.232402782590712,13.666666666666666,0.6533333333333333,10.673333333333195,1.0322666666666447,19.333333333333332,2.6133333333333337,10.333333333333334,2.8478139764465733,8.666666666666666,1.728557523228866,0.0,0.0,150.0,2.2742104002565258e-14,300.0,0.0,600.0,0.0,136.37802081867468,17.34648885581362,298.24570666666665,1.719207466666665,121.84784057777227,100.54705899009711,1.036039220436045,0.3133556522188059,6692.6816079836035,51.47054741062967
Proposed,750.0,3,100.0,0.0,99.11229471815356,0.8829040154274623,97.47705233630917,0.8183072726175004,14.193566281909726,1.248544586932213,23.73492316627979,1.546915902000845,100.0,0.0,21.001323601720685,1.0150190713854352,98.67128809271794,0.4863516295982526,98.0686626746507,1.8958911785771149,37.6199999998045,2.1178886089669957,187.42333333290514,2.9152067172722047,5.27999999973747,0.019599999999982173,48.58666666636475,3.2177910297426524,69.72749999970297,0.7415531201465103,187.42333333290514,2.9152067172722047,8.035262772336713,0.0864972461670821,321.9647372276633,0.08649724616705104,3215.4151040610195,9.065207841147844,18.972475507067355,0.04654893835898303,4.262703294259945,0.05101146369948322,16.66052676704669,0.06366702251279813,4.332241686472691,0.02111263420297916,90.65193030888469,1.5166593743571537,14.400734618916438,1.1763434409711522,2.497015610651974,0.12955005665334404,76.34528189335583,0.44518646723277383,1.5601681047805978,0.04079622734131835,1.0310100719886732,0.05141068144454615,345.8833520752023,1.3050090662705478,10.145907473309608,0.06869665940042853,4.02491103202847,0.0,36.20474622794821,0.5524780387497893,73.33333333333333,6.434587097173456,44.0,6.78963916567,29.333333333333332,1.728557523228866,82.70649086922477,2.0128530550110635,30.666666666666668,3.9740715197948373,-4.299999999999993,1.9730233990840733,1328.4333333326729,0.4394850522040082,1.0,0.0,3.0666666666666687,0.052266666666666704,1.3998366666665785,6.914230092494697e-05,3.000250000000866,6.789639165563719e-05,4.112744331203544,0.022400918330651196,46.0,2.263213055223333,60.80000000000024,21.11014934417378,78.6781188592959,0.10472064353287243,93.86852990382243,0.10151503582784964,98.79072252694141,0.22651819445552043,92.88235504781899,1.1192366633146003,64.49021573314438,2.7410272939850504,667.5250000000001,13.813858126292402,6.064282120122091,0.03799208826683984,64.66666666666667,16.566863848591797,14.666666666666666,0.6533333333333333,9.673333333333217,1.0941724259812649,18.0,4.526426110446666,5.666666666666667,0.6533333333333334,5.666666666666667,3.266666666666667,0.2649421007890679,0.12299838373815289,54.14555434143921,2.585179578346647,300.0,0.0,349.80116736182646,298.3056567602936,54.14555434143921,2.585179578346647,147.64793806219726,24.210041398093384,228.96054437361065,363.8500447859682,0.6539407569416952,0.19102690796150934,5372.281870728174,11.632213818906793
Proposed - mission,750.0,3,100.0,0.0,97.77973072939784,2.3452938562609154,95.61184438312786,1.9597476323566048,4.735417689219652,0.5922621599983354,22.02788417248206,3.1952930630848955,2.6097271648873073,0.23250296559905084,18.644782307437595,4.664248265215751,98.46758098282835,0.478067787314308,97.40717767651948,2.737969014643522,58.09666666645256,2.5204699068030285,207.14666666622054,0.9695123264349976,5.049999999737679,0.0,54.86999999969237,3.2535999999970415,81.29083333302579,1.0640724792555643,207.14666666622054,0.9695123264349976,47.20266748861133,8.818963365732797,282.7973325113887,8.818963365732836,2899.016022034854,73.13771796262924,18.514323781892752,0.8414063859200264,3.75385339689819,0.08465101012678877,16.491521723039458,0.14178170429744597,4.349430961748646,0.01695935612578202,90.69479802566703,3.8365174895534184,1.3379017447199264,0.0727681490494695,0.5235307621671258,0.033425956142968546,78.09871236185964,6.004950319361572,14.289867504562162,0.6124033794284723,2.580345439124065,0.057094801059747805,106.32361711877826,11.042921274471366,10.314353499406879,0.06151450260600965,2.078291814946619,0.006975088967971725,36.08640388774423,0.14418167205111215,73.33333333333333,6.434587097173456,44.0,6.78963916567,29.333333333333332,1.728557523228866,81.91970154225864,2.6433283157339527,41.333333333333336,8.34120161873842,-23.066666666666663,24.009622219250147,1328.383333332673,0.4394850522040082,1.0,0.0,3.0733333333333355,0.02613333333333336,1.3998649999999113,0.00010184458749074253,3.0002250000008654,1.1316065270662923e-05,4.16136518530734,0.01486040765297293,60.0,15.963274517884274,71.1000000000001,18.844901414793867,75.38045812116079,0.4455515811185747,97.38690191134903,0.08462313426085598,86.70986919994057,0.6617039855625596,72.36990972641593,0.9631023730864728,69.22469026799642,0.6275006129483126,713.3583333333335,16.240853521632165,6.068615205227199,0.030829388043371268,60.0,21.140154524821558,14.333333333333334,1.3066666666666669,9.666666666666549,1.005114635805821,21.333333333333332,4.71125366660628,6.666666666666667,2.35562683330314,7.333333333333333,2.35562683330314,0.1739865569055865,0.1356606629915559,65.18198382643384,19.382098946770427,300.0,0.0,474.9066881891361,245.1828911492932,54.14555434143923,2.5851795783466556,289.0537530967819,17.889750050288704,98.00610876158767,55.536157294673394,0.711117459016522,0.1876459066091051,6735.044855371057,102.94076486959119
Baseline,1000.0,3,100.0,0.0,92.66666666666667,2.2226140099074834,96.78712217579744,2.7871638389004203,9.278021888356756,1.503925274373241,15.096094543698117,2.8976097754078225,100.0,0.0,13.668941956220044,0.4961064802151175,96.60530397098682,1.6199968316012008,92.53333333333335,3.1711914340056935,56.713333333120545,4.228293382017374,140.32333333294798,67.56201247611565,10.156666666399701,0.03266666666663696,177.94333333291388,0.5088875361452404,96.28416666634553,15.743119790795184,177.94333333291388,0.5088875361452404,76.76064151010479,5.643834868151317,253.23935848989518,5.643834868151316,2663.7168003616594,46.08250413538987,18.916903696460697,0.26825176192378675,4.133084099533655,0.06482241464433491,16.29746529599276,0.20314741053375135,4.276601442495068,0.05778139207108343,105.89335491963159,5.799798874498739,10.145408631772268,0.8215821999765915,2.1271808999081725,0.15455644506631352,337.079701402331,2.2913397283887496,14.389805518387673,0.323693347129385,2.5869985143542897,0.035274270672744135,334.6581329443475,6.509575849321295,19.283511269276396,0.07117021735569988,5.0,0.0,35.66864861819189,0.8005730692054502,73.66666666666667,6.914230092915464,43.666666666666664,6.232402782590712,30.0,1.1316065276116665,79.8773153593511,1.4941679707074982,52.0,14.133760999818838,4.033333333333341,7.373120672038697,1329.4833333326717,1.3393333333321151,1.0,0.0,3.0600000000000023,0.03920000000000003,1.3999283333332453,2.6738819059105696e-05,3.0002416666675322,9.507066378363873e-05,4.171959589454177,0.0544762372239661,74.0,13.050323112219612,67.16666666666713,0.42841931692103974,75.97659264678238,0.6883905572858354,98.12532691011641,0.1330773307172689,92.73132422606328,0.7682666560593574,127.1935049995571,4.839379453978769,61.5094863249472,2.617812532980738,781.0083333333336,32.77161533163183,6.064605797786953,0.03384759225411494,73.66666666666667,6.232402782590712,13.666666666666666,0.6533333333333333,10.713333333333194,1.07552240536606,18.0,2.263213055223333,9.666666666666666,2.8478139764465733,7.666666666666667,0.6533333333333334,0.0,0.0,150.0,2.2742104002565258e-14,300.0,0.0,600.0,0.0,136.37802081867468,17.34648885581362,300.0,0.0,127.70338962115117,111.76973950484613,1.6640832048616259,0.16083477799297266,6706.391800365171,53.498092004415774
Proposed,1000.0,3,100.0,0.0,99.11229471815356,0.8829040154274623,97.47705233630917,0.8183072726175004,96.66207000606478,1.157655476311325,22.187697540276247,2.987699798344989,100.0,0.0,20.975424637812086,1.4159926361784563,98.46779395155947,0.44246506577450123,97.67012641383899,2.9818670318402085,37.6199999998045,2.1178886089669957,182.27666666624316,7.911170682290366,5.269999999737479,0.019599999999982173,48.5699999996981,3.2339999999970592,68.43416666637081,1.1389885781291842,182.27666666624316,7.911170682290366,8.349365343294428,0.37064697778345135,321.65063465670556,0.37064697778345096,3213.9812152620057,8.915535431981464,18.972475507067355,0.04654893835898303,4.256025715608668,0.03684070127001559,16.659399667757047,0.06853834368256523,4.340328636379159,0.019146465431326698,88.70221509442517,6.6771201219421625,16.671946740128558,2.8295654916628976,2.787741046831956,0.3184325927197408,75.78974411186626,0.5327766390211173,8.88518458976904,0.0905244177725622,3.951837573445672,0.02334067587007707,252.14400406574853,8.40778149895826,10.241992882562277,0.06199594682540437,4.02491103202847,0.0,35.88558777461799,0.5714227352872042,73.33333333333333,6.434587097173456,44.0,6.78963916567,29.333333333333332,1.728557523228866,85.3444121069892,1.8620327352107837,28.0,3.92,-4.299999999999993,1.9730233990840733,1328.3499999993394,0.5572515889010712,1.0,0.0,3.073333333333336,0.04711253666606284,1.3999099999999114,0.00012409034343169035,3.0001900000008654,3.4416468927987326e-05,4.296402634336224,0.016069928770599984,44.333333333333336,8.028294408597079,60.43333333333393,3.280357975045521,84.26808473828216,0.27638866224784586,98.21179305746118,0.11483662902927123,98.83023546047583,0.24568641721179066,93.22946934854599,6.911186373984177,70.2481125859246,0.6964822817744736,608.7,18.33261511623481,6.067474910881742,0.035019526624750316,66.0,16.437534283867922,14.666666666666666,0.6533333333333333,9.653333333333217,1.1616112334932547,16.666666666666668,3.457115046457732,5.333333333333333,2.35562683330314,5.333333333333333,2.35562683330314,0.28001235932886387,0.1049759229092318,54.14555434143921,2.585179578346647,300.0,0.0,284.77512230019204,319.83738221948164,54.14555434143921,2.585179578346647,289.2377668002586,1.8508902021665121,228.48830509502486,364.3026046009068,0.7006803761808503,0.19744726049130207,5380.78521526201,10.980818112317928
Proposed - mission,1000.0,3,100.0,0.0,97.77973072939784,2.3452938562609154,95.61184438312786,1.9597476323566048,44.11622004776078,2.3387821556747994,22.846718455474953,2.760991681115819,2.491103202846975,0.0,18.905576078552688,3.588894100733743,98.32702238726544,0.530303859683329,95.94343848822939,5.299484375002496,58.09666666645256,2.5204699068030285,203.0066666662243,2.450243898968738,5.05666666640434,0.006533333333327392,55.12333333302547,3.0658880547774974,80.32083333302667,0.35134894494063384,203.0066666662243,2.450243898968738,49.530984637974825,5.676630539423995,280.4690153620252,5.676630539423982,2880.3884023315622,47.31198677334915,18.514323781892752,0.8414063859200264,3.760984022517004,0.03890266399707592,16.480447321525485,0.14144587812808426,4.351225919559892,0.024702340057964973,92.54075459830909,4.71926506076183,1.6119375573921026,0.75960457257205,0.5622359963269054,0.16812833528937932,147.66056187624676,145.15774341343976,10.055925026344873,0.19773969817098838,3.0797189451769604,0.07444377512854228,171.59502088759382,58.16658708544607,10.326215895610915,0.10379636536103852,2.074733096085409,0.0,35.39887140996522,0.2949113832343038,73.33333333333333,6.434587097173456,44.0,6.78963916567,29.333333333333332,1.728557523228866,82.92189200045682,2.2544872559071467,41.0,11.316065276116667,-23.066666666666663,24.009622219250147,1328.2666666660064,0.5806953685974237,1.0,0.0,3.046666666666669,0.01306666666666668,1.399889999999912,4.6312993132391144e-05,3.000150000000866,7.223692499423426e-05,4.192943856864509,0.0271662810721238,58.666666666666664,11.778134166515697,59.40000000000043,14.896429818360295,78.1377674267546,0.2465868761164927,97.33644370142311,0.2902676067580621,90.70902442905135,0.3137113108437139,72.11435731679785,1.8113001120797805,64.31247971351956,6.5629325547143935,685.3250000000002,5.947464361669872,6.050398878846522,0.0012898484973183218,59.666666666666664,19.414006398588736,14.333333333333334,1.3066666666666669,9.60666666666655,1.123961217203567,22.0,6.78963916567,7.0,4.08006535895362,8.0,4.08006535895362,0.2061291102673156,0.1794619902722008,65.18198382643384,19.382098946770427,300.0,0.0,451.4656997438739,291.1272285020071,54.14555434143923,2.5851795783466556,287.53243606636386,1.1758869916090153,96.49332220519098,56.82139195702243,0.6961704018746845,0.15245454084944268,6734.733169001173,100.49033019147443
Baseline,1500.0,3,100.0,0.0,92.66666666666667,2.2226140099074834,96.78712217579744,2.7871638389004203,38.28743618272105,2.1760245537276868,16.692280665575634,5.250935012509419,100.0,0.0,12.874569274342614,1.8972585275471716,96.9609299367083,0.1500369780033978,95.93333333333334,2.953760390492847,56.713333333120545,4.228293382017374,69.84333333301208,1.269435241006086,10.193333333066334,0.06232402782585044,177.7266666662474,0.9054502330017664,78.6191666663616,1.362377226679308,177.7266666662474,0.9054502330017664,78.2623877654846,3.4649284768511346,251.7376122345154,3.4649284768511266,2651.472182382999,27.089766934251124,18.916903696460697,0.26825176192378675,4.195297157969317,0.07518159052041862,16.374777978277756,0.1124403956421773,4.304080161062976,0.035729970774609016,105.30981829264181,5.608085320567547,12.704912764003673,0.7819966373263046,2.544260789715335,0.17440201811708955,297.4137749941614,45.341249238463334,13.616219422063496,0.0860275587847917,3.057147089621123,0.021701922584061666,307.7401649972633,1.1700783498693776,19.174377224199286,0.20371559045096194,5.0,0.0,35.94129309201434,0.6423510452859466,74.0,6.300518497182064,44.0,5.658032638058334,30.0,1.1316065276116665,81.52859469820467,2.262098346243407,48.333333333333336,12.413333333333332,4.033333333333341,7.373120672038697,1329.3999999993387,1.3719999999987522,1.0,0.0,3.106666666666669,0.05695627952893153,1.3998399999999112,9.518284158522441e-05,3.0002133333341985,8.398573952434246e-05,4.228703958494964,0.03356393051384847,79.0,8.981848362113446,59.26666666666694,17.35986702458,78.35015143122301,0.7857216584798161,98.07248110888975,0.16237245183586696,92.82841909068897,0.8066748584219023,122.79889460167685,3.311998327318459,62.69997837212505,1.2840178248384215,738.7666666666668,28.53321138797927,6.103315554640441,0.05820844408766004,73.66666666666667,6.8210002524882265,13.666666666666666,0.6533333333333333,10.666666666666528,1.1108972309704104,17.333333333333332,3.457115046457732,9.666666666666666,2.8478139764465733,7.333333333333333,1.7285575232288657,0.0,0.0,150.0,2.2742104002565258e-14,300.0,0.0,600.0,0.0,136.37802081867468,17.34648885581362,300.0,0.0,69.09702480023013,22.816046667643704,1.4819020414935464,0.3262986570308408,6770.411449053179,51.10493452805866
Proposed,1500.0,3,100.0,0.0,99.11229471815356,0.8829040154274623,97.47705233630917,0.8183072726175004,96.5141378491985,1.327526783753345,25.241656086695812,4.087320068044311,100.0,0.0,21.87776712249973,1.0353407192439648,98.20180425156887,0.6682807396339296,98.40319361277444,1.6287686063687075,37.6199999998045,2.1178886089669957,141.0633333329473,76.23149354718085,5.27999999973747,0.019599999999982173,48.533333333031464,2.958720104667194,58.124166666380184,17.78782797122426,141.0633333329473,76.23149354718085,8.733104993225938,0.7961219622236534,321.2668950067741,0.7961219622236733,3210.057839425306,13.262380348350812,18.972475507067355,0.04654893835898303,4.291890063901682,0.09725872396712727,16.68694053706662,0.08836673748682419,4.348478586431791,0.018000859562099018,91.46615568249094,4.496463757260856,17.019972451790633,2.4250413548602987,2.8070247933884303,0.30526722384593197,75.76223391181809,0.7095794785044569,8.860471918934678,0.20077575782310786,3.9607171929178016,0.022134198872844908,159.27661933281834,3.5009331919521465,10.221826809015422,0.049211602084807855,4.026097271648873,0.002325029655990285,35.969567365985235,0.2362579537049176,73.33333333333333,6.434587097173456,44.0,6.78963916567,29.333333333333332,1.728557523228866,86.01916012196888,1.9469568881208308,29.333333333333332,3.637606050382281,-4.299999999999993,1.9730233990840733,1328.4666666660062,0.6102636952802456,1.0,0.0,3.046666666666669,0.013066666666666676,1.3998849999999117,9.816319744448082e-05,3.000278333334199,5.257202466707033e-05,4.30455317059613,0.014539115117267852,46.333333333333336,2.35562683330314,63.400000000000325,15.30808936477678,84.7420664403658,0.4154949216269575,98.31754541252833,0.08861263486940467,98.74274128918334,0.26500089912786495,102.52265645584085,2.853623137936864,68.87627714390115,1.6259617997803437,587.7750000000001,14.690550851936528,6.051158432841324,0.004237344766260613,64.33333333333333,16.797147906051723,14.666666666666666,0.6533333333333333,9.679999999999882,1.1568981977684738,18.0,2.263213055223333,5.333333333333333,0.6533333333333334,5.0,1.96,0.2776766049718678,0.11429156931606334,54.14555434143921,2.585179578346647,300.0,0.0,455.618487111659,144.17668518821557,54.14555434143921,2.585179578346647,199.71414348091676,98.98614059485472,228.60760495907107,364.13414851423374,1.2951112505315603,0.3228600737742323,5392.272439425462,11.044860208068734
Proposed - mission,1500.0,3,100.0,0.0,97.77973072939784,2.3452938562609154,95.61184438312786,1.9597476323566048,45.067446184497165,1.5096647380644983,23.874816130765094,1.491090762881174,2.491103202846975,0.0,17.635268093280242,5.061630545687182,98.21798232949392,0.9388301876844671,95.53905522288755,4.86754995318363,58.09666666645256,2.5204699068030285,203.95999999955677,3.781276377094643,5.05999999973767,0.0,55.13333333302546,3.4365333333302077,80.56249999969312,1.7699945828526378,203.95999999955677,3.781276377094643,48.77499786666667,9.868611762839729,281.2250021333333,9.868611762839732,2886.2308419310516,80.71957313371088,18.514323781892752,0.8414063859200264,3.786269405754457,0.041009206382273504,16.476119228872157,0.13829558965476893,4.343107030835074,0.02503642989392511,90.81861970528843,7.367224571035673,5.124403122130395,0.45661836167267156,1.2022038567493112,0.05674497268713023,171.95394263814782,9.70309777197765,10.784550337985452,0.28922263777456747,3.108007556480839,0.05468437546967209,153.705451935078,0.7575872217063022,10.3570581257414,0.022898886466809883,2.074733096085409,0.0,35.12338053845383,0.37474058798386245,73.33333333333333,6.434587097173456,44.0,6.78963916567,29.333333333333332,1.728557523228866,83.15957305119991,2.2172110604318283,42.0,11.484551943081339,-23.066666666666663,24.009622219250147,1328.2999999993397,0.5397419136335472,1.0,0.0,3.0666666666666687,0.03457115046457735,1.399888333333245,1.8188030258570412e-05,3.0002283333341992,1.8188030258570412e-05,4.193047911523188,0.025983308698405254,72.0,17.08688385867944,56.96666666666713,10.934114524937302,78.09497940421579,0.16136313806671523,97.6734457084063,0.2411401066647042,89.55120821988133,0.14049999780651323,74.00383390941177,5.044925247751111,57.35085361720468,8.05817873654345,687.6750000000001,7.1530490235516835,6.067369748360875,0.0344349538690801,62.0,19.237310969398333,14.333333333333334,1.3066666666666669,9.613333333333218,1.0423891872893405,20.666666666666668,4.71125366660628,7.0,2.263213055223333,7.333333333333333,3.9740715197948373,0.1966977184958105,0.15452286761142836,65.18198382643384,19.382098946770427,300.0,0.0,342.0371695524853,261.372826563587,54.14555434143923,2.5851795783466556,196.2488385791603,90.17843268536816,98.27275046962352,55.32300350353847,0.9422612156528242,0.17263237888422417,6738.111241934195,119.40490635244363
Baseline,2500.0,3,100.0,0.0,92.66666666666667,2.2226140099074834,96.78712217579744,2.7871638389004203,60.83946833616478,1.1983927199091546,14.935698566892718,1.696452736046345,100.0,0.0,13.166809486116255,1.1931516052809756,96.18586329017683,2.4931723652157487,92.8,2.9939494540378155,56.713333333120545,4.228293382017374,67.57666666634748,3.338533333330297,10.156666666399701,0.03266666666663696,177.5499999995809,0.5961107279686835,77.99916666636216,0.6736524878923992,177.5499999995809,0.5961107279686835,72.63530992167368,6.83715662441288,257.3646900783263,6.837156624412855,2697.596367800615,54.41820679182461,18.916903696460697,0.26825176192378675,4.229482169493079,0.09563642395262277,16.304585987292484,0.17715284165857417,4.288398875666391,0.05140828398189241,104.94518922504683,6.730855360155639,13.074609733700642,1.5477994807499866,3.1855601469237826,0.20844566320363503,290.69691316552365,31.721427585551275,14.34857751294993,0.08883398345953628,3.746062611035706,0.06148240918759296,297.885437132074,9.18702230365139,19.190984578884937,0.0815750827852522,5.0,0.0,35.97902599348117,0.6620254414034347,73.66666666666667,6.914230092915464,43.666666666666664,6.232402782590712,30.0,1.1316065276116665,81.8498232010835,0.9414964325049651,52.666666666666664,9.886727354275417,4.033333333333341,7.373120672038697,1329.3166666660054,1.160011685763839,1.0,0.0,3.0733333333333355,0.02613333333333336,1.3999316666665782,5.667454847704567e-05,3.000151666667532,6.983335719363416e-05,4.26120021870974,0.05090545266536123,76.33333333333333,9.624200976935409,58.366666666667044,13.36940952739151,79.54758790686851,1.0362733353405946,98.15777700215087,0.22223057152640152,93.04355617398517,1.1619364342884815,119.84484508553793,7.757987411549135,67.31719799085641,0.6558429443269399,741.7833333333334,48.210093190580395,6.070133025196924,0.03139445586259738,72.66666666666667,7.534607561851587,13.666666666666666,0.6533333333333333,10.613333333333197,0.9732693312290647,18.666666666666668,2.6133333333333333,10.333333333333334,1.728557523228866,8.0,1.1316065276116665,0.0,0.0,150.0,2.2742104002565258e-14,300.0,0.0,600.0,0.0,136.37802081867468,17.34648885581362,300.0,0.0,128.55248010043843,113.40132107590124,1.4897807697114347,0.2534933764754189,6835.98970113733,36.75081430677196
Proposed,2500.0,3,100.0,0.0,99.11229471815356,0.8829040154274623,97.47705233630917,0.8183072726175004,96.51288968821665,1.3439777710589234,23.6982802376791,1.510752524425881,100.0,0.0,21.17627974660859,1.802665592906524,98.48355280241526,0.8946225996212303,98.66932801064537,1.5864556965248815,37.6199999998045,2.1178886089669957,101.94333333298289,73.25122550061091,5.269999999737479,0.019599999999982173,48.46333333303153,3.0249333333305826,48.3241666663891,17.646371647089698,101.94333333298289,73.25122550061091,8.114505669366162,0.36448677213798564,321.88549433063383,0.36448677213797137,3215.8235649475732,4.28092476591885,18.972475507067355,0.04654893835898303,4.456766790694364,0.0823846366192521,16.6777856732552,0.02822760071550809,4.351159803430885,0.01562941130425427,87.1025406070106,6.024697953586207,15.751239669421487,2.226370934893823,4.158539944903581,0.42886897828566006,106.73861735659216,56.67624070506442,11.157977909406982,0.3107801240264364,4.216517511515852,0.02567584939972114,263.2274132301366,96.20125502824669,10.099644128113878,0.0860889129771864,4.02491103202847,0.0,35.73948914939441,0.9051877005657057,73.33333333333333,6.434587097173456,44.0,6.78963916567,29.333333333333332,1.728557523228866,85.74084899663113,2.2340071588679846,26.333333333333332,5.102696454925681,-4.299999999999993,1.9730233990840733,1328.4499999993395,0.3150259248588167,1.0,0.0,3.053333333333336,0.02613333333333336,1.3999216666665786,3.7673037804661796e-05,3.0002016666675324,0.00011092245540114998,4.334481883767289,0.011840214879574214,46.333333333333336,4.7112536666062805,50.86666666666712,10.966857303307751,84.5359055014086,0.3430925368444058,98.13143686856881,0.2135049854940242,98.65418040325359,0.242332712262278,222.93428399986684,115.86070824002293,227.1917275829973,155.0141587875898,595.9666666666668,7.79815325004008,6.065693556074052,0.03006773726533486,66.66666666666667,16.566863848591797,14.333333333333334,1.3066666666666669,9.719999999999882,1.0299484517845,19.333333333333332,3.457115046457732,7.0,1.1316065276116665,6.333333333333333,2.35562683330314,0.3079564995679982,0.1490487145556085,54.14555434143921,2.585179578346647,300.0,0.0,285.72495558787506,318.52340052534873,54.14555434143921,2.585179578346647,243.46666666666667,83.49426184940961,229.65460518249552,363.2059608836812,6.085128362301408,4.887253813319343,5462.3218982812405,33.508044743114404
Proposed - mission,2500.0,3,100.0,0.0,97.77973072939784,2.3452938562609154,95.61184438312786,1.9597476323566048,67.34560155129851,3.0030735209437145,24.315606825364906,3.094446308314271,2.491103202846975,0.0,17.888370708183153,3.693080332601798,98.43754297153343,0.950992514355331,95.60878243512974,6.239071850766503,58.09666666645256,2.5204699068030285,195.7999999995642,4.604248177494502,5.05666666640434,0.006533333333327392,55.643333333025,3.1810490708401065,78.64916666636152,0.8633568870653018,195.7999999995642,4.604248177494502,50.54747507168312,3.325524556217088,279.4525249283169,3.325524556217078,2872.7369226060546,24.99193268085918,18.514323781892752,0.8414063859200264,3.7827254057362705,0.048255789827670335,16.459544361726817,0.0632579825765656,4.343548702009197,0.01041750938364252,91.5349221760227,9.34618159161316,6.805142332415059,0.7410362082138,1.8330578512396694,0.43560622589818915,200.108736497945,30.627119045312096,12.129401521577094,0.31170212424697064,3.7844475287223376,0.0822625242221068,175.6973962731763,4.5509565482156695,10.37485172004745,0.07874268250267406,2.074733096085409,0.0,35.17587210974397,0.21927830207999208,73.33333333333333,6.434587097173456,44.0,6.78963916567,29.333333333333332,1.728557523228866,83.86817843772444,2.6888475282385778,39.333333333333336,9.490214843604848,-23.066666666666663,24.009622219250147,1328.2666666660064,0.558208244693571,1.0,0.0,3.0733333333333355,0.02613333333333336,1.399846666666578,8.205773034992174e-05,3.000126666667532,3.1162013910253094e-05,4.239401570096574,0.015050653254951682,62.333333333333336,3.9740715197948373,53.900000000000496,6.1804780829102866,79.74245425861788,0.4517293162573053,97.77659909724677,0.35801661758209036,92.2442158205519,0.24085633555650218,78.37708226124953,6.513461275686985,57.395169817372484,7.602919131413892,665.0250000000002,20.728930564149564,6.069213233134216,0.03260895665735437,61.333333333333336,19.512694443475624,14.333333333333334,1.3066666666666669,9.639999999999883,1.1200046666569208,20.666666666666668,6.914230092915464,7.0,3.394819582835,7.333333333333333,4.28419316921064,0.2617029678261548,0.21074789437530245,65.18198382643384,19.382098946770427,300.0,0.0,451.465699743874,291.12722850200714,54.14555434143923,2.5851795783466556,209.98108373637106,11.766180617897174,97.5216486606189,55.93385356553804,1.1665673395445895,0.263928138081041,6804.957689276034,52.930305062893275
Baseline,4000.0,3,100.0,0.0,92.66666666666667,2.2226140099074834,96.78712217579744,2.7871638389004203,98.56923659646948,1.9218356626511486,14.256786482396238,0.8256220402642388,100.0,0.0,12.425814778352683,0.7919385457838987,97.0216939649198,0.3050838395397864,96.8,1.1316065276116665,56.713333333120545,4.228293382017374,66.54999999968175,0.9670436873955758,10.173333333066353,0.03266666666663696,177.4933333329143,0.9737297183729784,77.73249999969573,1.1111913711557913,177.4933333329143,0.9737297183729784,74.37311994788594,5.905338283762971,255.62688005211405,5.905338283762995,2685.04471096928,47.98316633824371,18.916903696460697,0.26825176192378675,4.343594869747082,0.025293220128214704,16.372025965093133,0.15485525351982427,4.302310775917404,0.052931227101083694,103.85507076690222,3.498904011723151,16.521808999081728,2.6288950538527156,4.801652892561983,0.3887603305785122,128.11995495019346,7.8711859753255045,17.5593643276036,0.12573510132873764,4.976460697772173,0.046137032366540695,133.25549792072025,1.7788535511538117,19.40094899169632,0.24304067812158364,5.0,0.0,35.68720838763587,0.5928835043050028,74.0,6.300518497182064,44.0,5.658032638058334,30.0,1.1316065276116665,83.31081864510797,2.4493346541330157,49.666666666666664,17.285575232288657,4.033333333333341,7.373120672038697,1329.333333332672,1.1926689025494561,1.0,0.0,3.053333333333336,0.026133333333333352,1.3998899999999115,4.932558497425492e-05,3.0001633333341986,4.284193168798463e-05,4.361699901427197,0.05081257192041371,64.0,16.66960507430615,67.46666666666707,6.902181426508577,82.33945780270011,0.39288628610906895,98.18541148072717,0.141258673595905,93.80061390399423,0.29679599740175533,128.76579431799087,1.42873574233478,58.460758971277926,4.869597948102084,697.9583333333334,18.233012005090547,6.062044576232817,0.03403925694800191,71.66666666666667,2.35562683330314,13.666666666666666,0.6533333333333333,10.579999999999863,0.9965849955389109,16.666666666666668,2.6133333333333333,9.333333333333334,2.35562683330314,6.666666666666667,0.6533333333333333,0.0,0.0,150.0,2.2742104002565258e-14,300.0,0.0,600.0,0.0,136.37802081867468,17.34648885581362,160.0,0.0,69.09702480023013,22.816046667643704,0.6531846467336897,0.17662137628888802,7059.3451109728885,47.150767646688415
Proposed,4000.0,3,100.0,0.0,99.11229471815356,0.8829040154274623,97.47705233630917,0.8183072726175004,97.35982282908235,0.865744816376603,23.216887960998438,2.0762145385750115,100.0,0.0,21.91044059746901,1.7253844358656465,98.40452549529583,0.8049179782184346,98.73333333333333,1.4725385488257317,37.6199999998045,2.1178886089669957,51.01666666636254,7.2955747329698175,5.289999999737461,0.0,48.549999999698116,2.941393447554678,35.61916666640065,0.5631827126050482,53.67333333302679,2.107473486848577,8.046702497829886,0.14541075167484888,321.9532975021702,0.1454107516748576,3216.141169120548,7.137424419038828,18.972475507067355,0.04654893835898303,4.5212667774346835,0.014269115430422778,16.677473842694827,0.019534671328625002,4.340395646048068,0.018686072752098503,83.97716639022589,4.233553260510384,15.637786960514234,1.9410517402183596,4.54247015610652,0.7341001952492281,75.98767035877738,1.6901010034480977,15.980289394319534,0.5029291103557104,4.784385882609605,0.04702666583369903,79.21615442809677,1.7192366775380006,10.147093712930014,0.1174312614300441,4.02491103202847,0.0,35.26653197449718,0.304313049137899,73.33333333333333,6.434587097173456,44.0,6.78963916567,29.333333333333332,1.728557523228866,85.97882202103396,1.7627967942598468,27.666666666666668,6.8210002524882265,-4.299999999999993,1.9730233990840733,1328.4333333326729,0.5779323297559762,1.0,0.0,3.073333333333336,0.04711253666606284,1.3999349999999116,3.150259249135165e-05,3.0001816666675327,6.206666666255323e-05,4.361930794534707,0.016627199079808863,40.0,6.78963916567,54.6000000000004,20.465816573007938,84.58336788946282,0.414887524186259,98.16660848356338,0.07362082487866012,98.730386783334,0.19754345923976016,79.45216560484974,0.34052974614383363,75.01476383611892,1.7076318253826868,595.475,13.096023480431027,6.0676341092504344,0.037030101170200835,63.333333333333336,16.489387833121977,14.333333333333334,1.3066666666666669,9.733333333333215,1.1660124032120698,17.333333333333332,3.457115046457732,5.333333333333333,0.6533333333333334,5.0,2.263213055223333,0.3005488040050535,0.14768005592757238,54.14555434143921,2.585179578346647,300.0,0.0,284.10896592190016,320.7621655869569,54.14555434143921,2.585179578346647,194.31460472886394,105.67255557690518,228.27628582643365,364.4490020664805,0.6039339556168458,0.20026287045149574,5514.847102454171,14.311915135767856
Proposed - mission,4000.0,3,100.0,0.0,97.77973072939784,2.3452938562609154,95.61184438312786,1.9597476323566048,81.68999497891225,1.0938591473598824,23.620875575587192,1.9245415256251195,2.491103202846975,0.0,18.583805737809453,2.7147986916961013,98.38993369565036,0.5797773593387279,95.86999334664006,4.2709290739503345,58.09666666645256,2.5204699068030285,188.41333333290424,2.0544918247026684,5.05666666640434,0.006533333333327392,55.496666666358465,3.0993282225497896,76.7658333330299,1.4929980066208277,188.41333333290424,2.0544918247026684,43.97196514166668,4.358298243775293,286.0280348583333,4.358298243775308,2925.9847208735446,35.29066168121166,18.514323781892752,0.8414063859200264,3.8365180922003073,0.02446969684812179,16.506640092042755,0.1697871775144577,4.349486555346952,0.018309563238846385,92.00763059269923,3.9537600073975274,12.888820018365474,2.3752312249894234,3.9103994490358125,0.5467545442797521,118.35838270078891,0.8527217358087761,16.123554244737452,0.6396618721700618,4.449838717968489,0.10682637452389762,119.95576559728721,6.838492490197465,10.348754448398576,0.06329036506306038,2.074733096085409,0.0,35.355576599111295,0.34860230847663765,73.33333333333333,6.434587097173456,44.0,6.78963916567,29.333333333333332,1.728557523228866,84.52309144995243,2.6602920925299642,41.333333333333336,15.363755327971667,-23.066666666666663,24.009622219250147,1328.2833333326732,0.3767303780922367,1.0,0.0,3.0600000000000023,0.02263213055223335,1.3999133333332452,4.538198369915623e-05,3.000180000000866,8.892296292019313e-05,4.303235593520683,0.017554876596750084,55.333333333333336,14.59436116374327,70.1333333333335,14.224673649839122,80.6831733820004,0.5328728677971185,98.19410621872873,0.23868178034473153,93.19109882646733,0.49593048438261944,99.80988458725237,19.907881267734687,53.805854179783324,4.322989236397326,650.4166666666667,22.60844872559323,6.066612903255948,0.02900181532161534,59.666666666666664,17.542942867274135,14.333333333333334,1.3066666666666669,9.639999999999883,1.0232126139435973,20.666666666666668,3.457115046457732,6.333333333333333,2.8478139764465733,7.333333333333333,2.8478139764465733,0.1776248953197669,0.13102717885022508,65.18198382643384,19.382098946770427,300.0,0.0,451.4656997438739,291.1272285020071,54.14555434143923,2.5851795783466556,145.37898863066405,28.657182283898425,98.69701251415478,54.99238368249659,0.7357699981648483,0.370952163759683,6991.577054210597,104.46047928628403
