config,variant,seed,useful_leave base,useful_radio edge,useful_transit,useful_crater,useful_contested out,useful_inspection,useful_contested back,useful_transit back,useful_radio back,req_lidar_crater_s,req_still_s,req_clip_s,req_mean_s,bg_done_before_end,bg_done_d,bulk_mbit_total,radio_leave_minus_fail_s,mission_time_s,mission_completed,lost_link_creep_s,final_d_km,max_d_km,prot_level_mean,interruptions,longest_interruption_s,useful_view_pct,live_view_pct,useful_view_pct_bulk,video_delay_p95_ms,video_delay_p95_bulk_ms,blind_m,max_cmd_gap_s,stale_exec,failsafe_stops,failsafe_s,switches,false_switches,pingpongs,dup_overhead_pct,qdelay_max_radio_ms,qdelay_max_starlink_ms,qdelay_max_lte_ms,total_mbit
Baseline,nominal,0,100.0,99.86666666666667,98.8272921108742,37.08971553610503,90.74529074529075,100.0,63.628691983122366,79.3465577596266,98.60557768924303,53.959999999693196,7.549999999735405,66.36999999968191,42.62666666637017,1.0,1.9932200000003757,1523.7734611875405,0.6999999999999886,1373.1999999992988,1.0,50.60000000000231,1.3998599999997823,3.0002100000008682,3.9278937381404173,197,51.60000000000046,87.66603415559773,91.70194132243468,74.05857740585773,377.10494872947606,583.227812236612,240.00000000000003,50.53255479637096,68,15,60.00000000000378,38,24,24,0.0,150.0,300.0,600.0000000000001,5485.880061191033
Baseline,nominal,1,100.0,99.86666666666667,99.04102290889718,38.215859030837,90.00812347684808,100.0,67.34348561759728,79.32505818463925,99.0,51.91999999969505,7.499999999735451,67.67999999968072,42.366666666370406,1.0,1.9075750000002785,1535.392245113589,0.5,1373.6999999992984,1.0,51.48000000000245,1.3998949999997707,3.0002350000008593,3.973371270153936,204,51.90000000000047,88.04990151017729,91.96760779163931,75.70859686109159,403.21327322579896,583.2487381947544,229.40000000000003,51.44110206412961,71,15,61.48000000000401,40,29,28,0.0,150.0,300.0,600.0000000000001,5677.0438451171
Baseline,nominal,2,100.0,99.2,99.36034115138592,38.18984547461369,91.05691056910568,100.0,65.60891938250428,81.847519160952,100.0,54.41999999969278,7.549999999735405,66.28999999968198,42.75333333303672,1.0,1.9530850000003697,1528.4021682697303,0.7999999999999545,1361.6999999993093,1.0,38.44000000000041,1.3998849999998164,3.0001450000008685,3.9705600942076984,205,39.60000000000029,88.61411643482741,92.58850371678811,76.44301924025653,357.44285186513025,581.2714697565525,239.02500000000003,38.39516257558125,79,16,47.14000000000177,38,24,29,0.0,150.0,300.0,600.0000000000001,5532.483768273251
Baseline + duplicate video,nominal,0,100.0,100.0,99.46695095948827,36.87089715536105,89.27108927108927,100.0,65.28716216216216,78.15515245079119,98.61386138613861,54.07999999969309,7.549999999735405,66.36999999968191,42.66666666637013,1.0,1.9969350000003736,1520.989524712614,-0.39999999999997726,1375.4999999992967,1.0,52.82000000000266,1.3999749999997766,3.000265000000869,3.954389799635701,197,55.40000000000052,87.5264116575592,91.54826958105646,73.55898945302918,383.977085317042,584.2754202649871,238.80000000000004,52.786861937688855,71,15,62.62000000000419,32,20,22,41.88286560561305,150.00000000000003,300.0,600.0000000000001,9550.015124714755
Baseline + duplicate video,nominal,1,100.0,100.0,99.30740543420352,37.74834437086093,88.71753246753246,100.0,68.18950930626058,79.76608187134502,99.8,51.71999999969523,7.499999999735451,67.67999999968072,42.2999999997038,1.0,1.8642850000002396,1531.918122857272,0.6000000000000227,1372.1999999992997,1.0,49.740000000002176,1.3999649999997752,3.000225000000859,3.9791849255039438,204,51.20000000000046,88.14636283961438,92.04645048203331,76.66208161393855,418.8749442692027,583.6028570228109,226.75000000000003,49.63372693687211,73,16,60.08000000000379,44,29,34,42.036355339088004,150.00000000000003,300.0,600.0000000000001,9815.38472286003
Baseline + duplicate video,nominal,2,100.0,99.2,99.94666666666666,38.36824696802646,90.40650406504065,100.0,64.83704974271012,81.76706827309236,100.0,54.42999999969277,7.499999999735451,66.23999999968203,42.72333333303675,1.0,1.9551650000003673,1523.6508886921588,0.7999999999999545,1362.8999999993082,1.0,39.84000000000063,1.399884999999812,3.000165000000868,3.9770571365541585,192,41.100000000000314,88.5506287227002,92.52150893448048,76.05911330049261,356.2137707083366,581.3766510761525,236.60000000000002,39.79030032905848,81,15,48.44000000000197,34,24,24,41.83560159217535,150.00000000000003,300.0,600.0,9507.97848869458
Proposed,nominal,0,100.0,100.0,99.7867803837953,97.81181619256017,90.74529074529075,97.50889679715303,94.17721518987342,99.85888993414864,99.8,58.719999999688866,8.119999999734887,57.01999999969041,41.28666666637139,0.0,,1005.3089264680652,-5.5,1328.6499999993393,1.0,3.1000000000000023,1.3999199999999146,3.0001400000008687,4.046997585998793,63,5.899999999999995,98.28756789378394,98.34037417018709,99.60707269155206,101.82143311569686,50.59963510655052,38.37500000000001,6.093442950339522,69,13,9.599999999999884,18,6,6,0.4983369881870573,0.0,300.0,228.91126564598983,2989.944626467721
Proposed,nominal,1,100.0,99.86684420772303,98.8279168886521,97.7924944812362,90.74675324675324,97.86476868327402,94.49618966977138,99.76525821596243,100.0,177.6599999995807,6.329999999736515,52.10999999969488,78.6999999996707,0.0,,1017.28446648277,-5.099999999999966,1328.8499999993392,1.0,3.0400000000000023,1.3999049999999058,3.00018500000086,4.116759692261276,58,5.899999999999995,98.15960174988686,98.20485744456178,99.56610515569167,99.10303355190987,54.362797550368214,41.300000000000004,6.04569049919678,51,15,10.819999999999858,12,4,2,0.32001220837612226,0.0,300.0,361.93260999848576,3062.3831664827285
Proposed,nominal,2,100.0,99.73368841544608,98.82666666666667,98.67695700110254,90.2439024390244,97.86476868327402,96.31217838765008,99.34456928838952,99.00199600798403,180.8499999995778,6.249999999736588,51.2099999996957,79.43666666633669,0.0,,1013.6646256332476,-2.3000000000000114,1327.7999999993401,1.0,3.0600000000000023,1.3999399999999143,3.000200000000868,4.103789251207729,58,6.099999999999994,98.24879227053141,98.29408212560386,99.43152454780362,101.11793897572174,52.36273126117794,46.900000000000006,6.055449004973639,82,15,8.679999999999904,20,7,7,0.6820673157974019,0.0,300.0,148.2424536048028,3056.8830256327938
Proposed - mission,nominal,0,100.0,100.0,99.94669509594883,40.26258205689278,90.98360655737704,87.18861209964413,92.3141891891892,99.67074317968016,99.60079840319361,58.08999999968944,5.71999999973707,53.719999999693414,39.17666666637331,0.0,,1079.5561865986008,-5.399999999999977,1328.5999999993394,1.0,3.0600000000000023,1.3999499999999139,3.000230000000868,4.084263729631865,79,8.899999999999984,93.94236572118287,97.38986119493059,93.93698702674081,69.25344110582614,48.29931926445851,103.12500000000001,6.058029557431155,60,13,9.399999999999888,28,11,18,0.14331220660232788,0.0,300.0,600.0,4703.0187866010565
Proposed - mission,nominal,1,100.0,100.0,98.98774640383591,47.07828004410143,90.90170593013809,87.18861209964413,93.98814563928873,99.71830985915493,100.0,178.05999999958033,5.559999999737215,48.639999999698034,77.41999999967186,0.0,,1097.3774033974755,-46.599999999999966,1328.6499999993393,1.0,3.1000000000000023,1.3999549999999048,3.000115000000859,4.10478273989137,77,13.799999999999967,94.45534097767049,97.42757996378998,95.03740648379052,68.24613272899002,51.979735844633964,92.50000000000001,6.1051455194486834,46,14,10.659999999999862,18,6,4,0.19407862886205854,0.0,300.0,225.80402928863143,4683.668703399961
Proposed - mission,nominal,2,100.0,99.33422103861518,98.82666666666667,43.17180616740088,90.64279902359642,87.18861209964413,96.483704974271,99.29775280898876,99.8003992015968,60.699999999687066,5.559999999737215,48.27999999969836,38.17999999970755,0.0,,1073.0219645830034,-17.200000000000045,1327.7499999993402,1.0,3.0600000000000023,1.3998849999999132,3.000145000000867,4.098588359628595,77,12.099999999999973,94.27040084547444,97.50886993281497,94.17602507182032,68.56998134559834,48.96378938298082,100.00000000000001,6.05571249902448,80,15,8.599999999999905,20,6,7,0.5264566325434319,84.92133665969381,300.0,498.835664468471,4741.131264585376
Proposed - uploads,nominal,0,100.0,100.0,99.7867803837953,97.26477024070022,92.54098360655738,100.0,64.10472972972973,99.67089797837329,99.8003992015968,42.27999999970382,5.319999999737433,42.65999999970347,30.086666666381575,1.0,2.2529700000007673,1523.2578643176957,-5.5,1328.5999999993394,1.0,3.0400000000000023,1.399769999999914,3.0001500000008683,3.863458056729028,164,17.799999999999983,95.7528666264333,95.7528666264333,84.6421125781793,307.3995991125855,424.19211126068603,140.675,6.046256366822831,66,14,9.499999999999886,20,7,8,0.4445474119035493,0.0,300.0,494.2622747420362,3428.2057643171092
Proposed - uploads,nominal,1,100.0,99.86684420772303,98.8279168886521,97.68211920529801,91.38911454102356,100.0,66.29974597798476,99.67136150234742,100.0,43.15999999970302,5.319999999737433,42.61999999970351,30.36666666638132,1.0,2.2513550000007565,1538.2047583977114,-5.099999999999966,1328.6499999993393,1.0,3.0600000000000023,1.399994999999905,3.000215000000859,3.9534550392275194,181,9.799999999999981,95.73023536511768,95.73023536511768,85.17492206442674,305.51264068458283,424.26942506382363,139.32500000000002,6.049740378111096,51,15,10.599999999999863,12,5,2,0.3978899940908404,0.0,300.0,200.37732361641744,3518.560458397384
Proposed - uploads,nominal,2,100.0,99.73368841544608,98.82666666666667,98.23594266813672,88.93409275834011,100.0,64.75128644939966,99.39138576779027,99.800796812749,42.569999999703555,5.319999999737433,42.679999999703455,30.189999999714814,1.0,2.2537750000007684,1521.0606774377502,-2.3000000000000114,1327.7999999993401,1.0,3.0600000000000023,1.3998549999999144,3.0002150000008685,3.9384812801932365,191,17.899999999999984,95.40307971014492,95.40307971014492,84.84107579462102,308.00436006327914,433.1015888724096,160.35000000000002,6.053518563102784,80,15,8.699999999999903,18,5,5,0.5892554951843255,0.0,300.0,600.0,3502.725077437519
Proposed - predict,nominal,0,100.0,100.0,98.88,98.24753559693319,90.66339066339066,97.50889679715303,93.66554054054053,99.71817754814467,99.60079840319361,66.06999999968218,8.139999999734869,57.23999999969021,43.81666666636909,0.0,,968.7522010794729,1.1999999999999886,1328.6999999993393,1.0,3.1200000000000023,1.3999049999999147,3.0001650000008686,4.0095798446103945,72,5.799999999999995,98.10666063211887,98.15946292524704,99.3432324386065,100.36866558152724,52.34468010651199,48.425000000000004,6.106789516296999,60,13,9.639999999999883,16,3,7,0.0,0.0,300.0,600.0,2915.6921010793753
Proposed - predict,nominal,1,100.0,99.86666666666667,98.8279168886521,97.90518191841234,90.49553208773355,97.86476868327402,93.4801016088061,99.71830985915493,100.0,180.09999999957847,6.349999999736497,51.76999999969519,79.40666666633672,0.0,,1038.7329987335693,0.30000000000001137,1328.6999999993393,1.0,3.1000000000000023,1.3999999999999053,3.000180000000859,4.100852379874783,65,5.899999999999995,98.04631515425812,98.0915742626537,99.53343701399689,97.46250779267017,52.25602264474673,45.85000000000001,6.101020432646692,43,14,10.599999999999863,10,1,3,0.0,0.0,300.0,600.0,3064.6578987335106
Proposed - predict,nominal,2,100.0,99.60106382978722,99.94666666666666,98.89746416758544,89.35824532900081,97.50889679715303,95.02572898799315,99.34487599438465,99.20318725099602,176.58999999958166,6.319999999736524,51.179999999695724,78.0299999996713,0.0,,1010.2120860745144,1.1999999999999886,1328.0999999993398,1.0,3.1000000000000023,1.3997749999999143,3.0001150000008683,4.065957286242548,80,5.899999999999995,98.21145573918949,98.26428194098558,99.2879746835443,104.8051517757529,53.048391505421925,45.25000000000001,6.09745387043688,79,15,8.999999999999897,10,1,2,0.0,0.0,300.0,600.0,3003.7309860741207
Baseline,harsh_handovers,0,100.0,97.86666666666667,94.4557477110885,31.157894736842106,84.48012232415903,96.79715302491103,66.66666666666666,80.04722550177095,97.0,56.96999999969046,6.659999999736215,64.03999999968403,42.55666666637023,1.0,1.9994900000004168,1609.5000671068242,0.9000000000000341,1399.5999999992748,1.0,40.18000000000068,1.3999699999998172,3.0001400000008736,3.8439066303880853,250,40.2000000000003,85.6795073750537,89.74652728053844,73.46888780009799,383.00127239551784,583.2309743493738,267.725,39.988193707961955,64,45,88.1599999999996,40,18,20,0.0,85.7868953659059,300.0,600.0000000000001,5663.198667110615
Baseline,harsh_handovers,1,100.0,98.13333333333333,92.85347043701799,37.367303609341825,86.09168609168609,93.59430604982207,65.24486571879937,77.62854950115118,98.23182711198429,55.57999999969172,7.279999999735651,64.65999999968346,42.50666666637028,1.0,2.0206850000003933,1608.324439758175,1.900000000000034,1407.8999999992673,1.0,50.940000000002364,1.3999649999997725,3.0002150000008596,3.7985621752437897,233,51.40000000000046,85.40109616342801,89.02412983130472,71.28094208123046,378.8260846908711,583.234285204071,259.75,50.89332187772402,40,43,98.75999999999749,34,15,17,0.0,150.0,300.00000000000006,600.0,5640.912039761982
Baseline + duplicate video,harsh_handovers,0,100.0,98.13333333333333,95.87995930824007,42.797055730809674,83.04048892284186,96.79715302491103,65.12215669755686,80.75697211155378,94.73684210526315,56.89999999969052,6.689999999736187,64.00999999968406,42.53333333303692,1.0,2.035010000000452,1608.435811377105,1.1000000000000227,1397.8999999992764,1.0,39.60000000000059,1.3999699999998167,3.000190000000872,3.8493081941357805,241,40.1000000000003,86.48648648648648,89.76987597677252,72.85786290322581,371.96780051216314,583.4380650098637,255.80000000000004,39.39177466657293,63,44,86.27999999999997,38,18,16,41.48590507972593,150.00000000000003,300.0,600.0000000000001,9593.993411379357
Baseline + duplicate video,harsh_handovers,1,100.0,100.0,95.17766497461929,31.88097768331562,83.04821150855366,93.95017793594306,63.40694006309149,79.50819672131148,98.20359281437125,57.22999999969022,9.339999999733777,64.87999999968326,43.81666666636909,1.0,1.988205000000383,1607.511883083774,16.600000000000023,1405.2999999992696,1.0,43.4800000000012,1.3998049999997946,3.000135000000861,3.849176353134137,213,45.50000000000038,85.3954218070313,89.40312344006276,72.35154394299286,371.6148797760412,583.0780802857134,254.62500000000003,43.09300177743421,39,45,95.39999999999816,32,17,16,41.64331849598694,150.00000000000003,300.0,600.0000000000001,9785.711483086312
Proposed,harsh_handovers,0,100.0,98.40425531914893,97.33124018838305,89.59417273673257,85.0574712643678,94.30604982206405,93.79715004191115,98.10097267253359,99.8003992015968,73.0899999996758,13.549999999729948,74.20999999967478,53.616666666360175,0.0,,948.7014812126467,-43.599999999999966,1357.1999999993134,1.0,3.0400000000000023,1.3997649999999155,3.00022500000087,3.8189336877861466,84,6.099999999999994,95.71702850391375,95.7613351055974,99.36459909228442,98.15948173741162,50.39834229108919,56.650000000000006,6.054194372264192,61,44,40.80000000000078,30,4,12,0.12263228589643868,0.0,300.0,397.1195933984981,2837.751881212435
Proposed,harsh_handovers,1,100.0,99.73333333333333,95.9812108559499,92.77364505844847,85.47008547008546,91.45907473309609,86.6403162055336,98.08679421371909,100.0,67.00999999968133,18.74999999972522,81.56999999966808,55.77666666635821,0.0,,887.0313716427568,-5.800000000000011,1358.2999999993124,1.0,3.1000000000000023,1.3999249999999028,3.000305000000857,3.8035121375341254,85,6.199999999999994,95.15974323028111,95.2113923116653,99.62121212121212,99.28170294847406,51.505320947399014,74.12500000000001,6.094055585489286,23,42,42.700000000001076,29,5,11,0.2587826365136699,0.0,300.0,266.155941503106,2774.529271642506
Proposed - mission,harsh_handovers,0,100.0,97.86950732356857,97.17425431711146,32.154006243496355,85.51724137931035,58.362989323843415,93.87069689336693,97.95918367346938,99.60079840319361,192.57999999956712,9.989999999733186,70.28999999967834,90.95333333299288,0.0,,970.1983121659106,-5.399999999999977,1356.7499999993138,1.0,3.0600000000000023,1.3998999999999149,3.000080000000869,3.8060870207579227,96,12.399999999999972,90.85469454088793,94.96934328137698,93.71196754563894,62.03549818701504,48.63919761103261,117.20000000000002,6.053867425256385,64,43,40.36000000000071,30,4,14,0.10024909306745763,150.0,300.0,600.0,4289.31561216871
Proposed - mission,harsh_handovers,1,100.0,99.73368841544608,96.34846113719352,36.17021276595745,85.60311284046692,58.362989323843415,85.09463722397477,97.80783582089553,99.8,66.39999999968188,9.679999999733468,77.43999999967184,51.17333333302906,0.0,,1005.6281266640424,-5.699999999999989,1358.4999999993122,1.0,3.0600000000000023,1.3998999999999033,3.0001200000008574,3.82921431206197,91,13.699999999999967,90.42419771302103,94.37108078199927,93.94115933585785,69.2096288740629,51.335620250711145,132.57500000000002,6.051438830608504,25,45,43.12000000000114,36,10,18,0.2662679570631806,150.0,300.0,600.0,4390.31422666685
Proposed - uploads,harsh_handovers,0,100.0,98.40425531914893,97.33124018838305,89.69823100936524,84.7742922723795,96.44128113879003,67.67422334172963,98.0528511821975,99.8003992015968,44.3899999997019,5.38999999973737,45.36999999970101,31.716666666380092,1.0,2.2447300000007617,1624.8140294376806,-43.599999999999966,1356.8999999993136,1.0,3.0600000000000023,1.3997699999999167,3.0001100000008707,3.694142846591329,220,5.899999999999995,93.43378388359554,93.43378388359554,82.897384305835,304.1550694645139,420.80907147374086,152.57500000000002,6.0499357793098625,63,43,40.580000000000744,28,4,11,0.1002967131434007,0.0,300.0,397.1195933984981,3469.704929437138
Proposed - uploads,harsh_handovers,1,100.0,99.73333333333333,95.9812108559499,92.2422954303932,85.15928515928516,91.10320284697508,63.74407582938388,98.32011199253384,100.0,43.14999999970303,4.929999999737788,45.349999999701026,31.14333333304728,1.0,2.246730000000749,1634.6255403175562,-5.800000000000011,1358.3499999993123,1.0,3.0400000000000023,1.3999299999999022,3.0001700000008564,3.7215376669372096,212,6.8999999999999915,92.98310337194718,93.0421308935291,81.11404087013842,303.94609756076534,419.73495273209664,160.87500000000003,6.0468915616069125,23,43,42.80000000000109,29,5,12,0.2515555222905962,0.0,300.0,202.51498533438382,3514.1347403171126
Proposed - predict,harsh_handovers,0,100.0,98.27127659574468,96.96652719665272,89.40809968847351,83.97239263803681,94.66192170818505,92.9530201342282,97.77571825764598,99.60079840319361,192.01999999956763,12.869999999730567,74.34999999967465,93.07999999965762,0.0,,920.4329701777804,7.900000000000034,1357.2499999993133,1.0,3.0600000000000023,1.3999449999999154,3.000145000000871,3.805198641264215,96,5.899999999999995,95.43642002658396,95.4807266282676,98.85428907168038,101.57283419267154,51.45901205337394,68.65,6.05198800148753,66,44,41.040000000000816,26,2,12,0.0,0.0,300.0,376.41007113273355,2805.091670177579
Proposed - predict,harsh_handovers,1,100.0,99.6,95.77244258872652,93.00106044538707,85.003885003885,91.45907473309609,86.79841897233202,97.99813780260708,100.0,64.79999999968334,19.54999999972449,82.40999999966732,55.58666666635838,0.0,,940.6179714156526,1.5,1358.8499999993119,1.0,3.0600000000000023,1.3998999999999024,3.0001600000008564,3.776810739047057,97,5.999999999999995,95.10989821507597,95.16152824900428,99.32411674347158,103.27272281933219,52.15972677365243,74.9,6.05046638828469,22,42,43.32000000000117,28,5,15,0.0,0.0,300.0,316.53446213570874,2803.5566714154515
Baseline,heavy_jamming,0,100.0,99.86666666666667,98.8272921108742,36.98030634573304,83.39889850511409,100.0,42.86919831223629,76.93504472967717,98.61932938856016,49.419999999697325,7.499999999735451,72.23999999967657,43.05333333303645,1.0,1.7953350000002004,1522.8760899142205,0.6999999999999886,1378.8499999992937,1.0,56.34000000000321,1.399894999999805,3.00030500000089,3.684329117604303,245,50.50000000000045,83.76217473469981,87.78892280854775,67.14665485157289,449.86474649522273,584.0257373588884,414.37500000000006,50.28963130894772,101,16,66.5200000000039,50,34,39,0.0,118.90359430906709,300.00000000000006,600.0000000000001,5258.857889917826
Baseline,heavy_jamming,1,100.0,99.86666666666667,99.04102290889718,37.88546255506608,83.28125,100.0,45.131244707874686,79.49416342412451,99.0,48.91999999969778,7.499999999735451,113.17999999963934,56.53333333302419,1.0,1.7330950000001275,1534.9484379571168,0.5,1377.8499999992946,1.0,56.640000000003255,1.3999749999997944,3.0002150000008805,3.778585976141984,270,50.90000000000045,84.73232470177481,88.64562118126273,69.80929933576174,450.611263822293,583.3526761069379,365.42500000000007,50.596173988409646,106,15,66.58000000000389,46,34,36,0.0,150.0,300.0,600.0,5508.274237960579
Baseline + duplicate video,heavy_jamming,0,100.0,100.0,99.46695095948827,36.98030634573304,83.24154209284028,100.0,43.75,78.65212310089599,98.61932938856016,49.43999999969731,7.499999999735451,72.49999999967633,43.1466666663697,1.0,1.7750250000001833,1524.6335658941907,-0.39999999999997726,1378.3499999992941,1.0,55.40000000000306,1.399904999999808,3.0002250000008908,3.726823238566131,250,49.90000000000044,84.2507089362321,88.25710754017305,68.39571022105494,440.9954401768117,583.8823613800059,390.35,49.287022786936404,105,16,66.020000000004,50,33,41,41.423177378066114,150.00000000000003,300.00000000000006,600.0000000000001,9064.1163658974
Baseline + duplicate video,heavy_jamming,1,100.0,100.0,99.30740543420352,37.74834437086093,81.20124804992199,100.0,46.824724809483484,79.0138067061144,99.8,48.69999999969798,7.549999999735405,114.54999999963809,56.933333333023825,1.0,1.72452500000013,1531.0535048499346,0.6000000000000227,1374.149999999298,1.0,52.66000000000263,1.3999649999998054,3.0002050000008804,3.772445481729998,253,47.1000000000004,84.70571074319889,88.60039384435855,70.14861081197502,450.6537693064614,582.9716424170101,377.15000000000003,46.59403578080696,104,15,62.62000000000419,48,32,37,41.66804144738484,150.00000000000003,300.0,600.0000000000001,9386.198304853284
Proposed,heavy_jamming,0,100.0,100.0,99.7867803837953,97.81181619256017,84.18568056648309,97.86476868327402,91.38513513513513,99.7648165569144,99.8003992015968,204.799999999556,6.249999999736588,56.10999999969124,89.05333333299461,0.0,,939.0069331758162,-5.5,1333.6999999993348,1.0,9.099999999999895,1.399879999999936,3.00024000000089,3.9189900052603894,107,11.899999999999974,97.18193432028256,97.22702337115804,99.51995199519952,140.0483385508323,52.9085826815617,69.17500000000001,12.093367950334368,98,13,15.559999999999757,24,9,10,0.5217744838441766,0.0,300.0,600.0000000000001,2855.639833175467
Proposed,heavy_jamming,1,100.0,99.86684420772303,98.8279168886521,97.68211920529801,84.46526151444185,97.86476868327402,93.0567315834039,99.76525821596243,100.0,213.2599999995483,6.249999999736588,51.189999999695715,90.23333333299354,0.0,,995.2272552986703,-5.099999999999966,1333.7499999993347,1.0,9.059999999999896,1.3999749999999267,3.0002350000008806,3.982415270158563,105,11.899999999999974,97.17441947846997,97.21950852934546,99.4805904866047,143.87221311292254,52.378316482059965,67.50000000000001,12.050904583392366,86,15,16.739999999999732,12,3,3,0.33128277341722256,0.0,300.0,200.37732361641744,2961.216455298488
Proposed - mission,heavy_jamming,0,100.0,100.0,99.94669509594883,40.70021881838075,85.03937007874016,87.18861209964413,91.21621621621621,99.95296331138289,99.8003992015968,207.3499999995537,5.559999999737215,52.739999999694305,88.54999999966174,0.0,,1006.8136663464949,-5.399999999999977,1333.5999999993348,1.0,9.059999999999896,1.399814999999935,3.000115000000889,3.9006463249661807,122,11.899999999999974,93.05576431684955,96.49030512550729,93.59730412805392,81.84618146144628,49.28911741017145,127.60000000000001,12.051681335147691,97,13,15.41999999999976,28,12,18,0.1982995018025985,150.0,300.0,600.0,4417.560266349196
Proposed - mission,heavy_jamming,1,100.0,100.0,98.98774640383591,47.07828004410143,83.94388152766953,82.91814946619218,90.77053344623201,99.6715157203191,100.0,214.77999999954693,5.60999999973717,49.80999999969697,90.06666666632702,0.0,,1025.5216793363106,-46.599999999999966,1333.8999999993346,1.0,9.159999999999894,1.3997649999999267,3.0001850000008807,3.9423698249304984,130,13.799999999999967,93.07987076414457,96.13043804944023,94.41747572815534,73.17194549735859,49.44195600813828,133.25,12.149903952726504,77,14,16.81999999999973,18,5,5,0.26380141171352256,12.319372357497311,300.0,146.2349863330548,4416.20077933905
Proposed - uploads,heavy_jamming,0,100.0,100.0,99.7867803837953,97.3741794310722,85.05114083398898,100.0,43.54430379746835,98.6829727187206,100.0,43.51999999970269,5.319999999737433,43.31999999970287,30.719999999714332,1.0,2.066160000000603,1521.355832408354,-5.5,1333.6499999993348,1.0,9.059999999999896,1.3999999999999369,3.0003000000008906,3.6993837366601534,207,33.3000000000002,92.00360739516007,92.00360739516007,74.89589530041641,338.72913706133545,477.3137699942595,291.925,12.049315324022132,98,13,15.479999999999759,34,15,20,0.5840927471307731,0.0,300.00000000000006,600.0,3372.7520324078514
Proposed - uploads,heavy_jamming,1,100.0,99.86684420772303,98.8279168886521,97.24061810154525,83.85335413416537,100.0,46.44670050761421,97.37458977965308,100.0,44.81999999970151,5.38999999973737,42.64999999970348,30.953333333047453,1.0,2.056905000000584,1540.2081234760196,-5.099999999999966,1334.0999999993344,1.0,9.159999999999894,1.3998649999999269,3.000185000000881,3.7734956051386073,234,11.999999999999973,92.02914882428067,92.02914882428067,76.02598169471509,327.10364311378146,451.8834084786931,287.27500000000003,12.151082641880521,78,18,17.079999999999725,32,17,21,0.2692065966594703,0.0,300.0,540.5407223719874,3443.4520234754787
Proposed - predict,heavy_jamming,0,100.0,100.0,98.88,98.24753559693319,83.71361132966169,97.86476868327402,90.96283783783784,99.8119417019276,99.60079840319361,208.26999999955285,6.249999999736588,55.78999999969153,90.10333333299366,0.0,,885.5584502000934,1.1999999999999886,1333.5999999993348,1.0,9.039999999999896,1.399764999999935,3.0002450000008896,3.9004960168345106,126,11.799999999999974,96.88862167443258,96.93371411393356,99.47900704872816,139.2754425771612,54.98415621746062,85.67500000000001,12.047247327976379,98,12,15.41999999999976,12,2,4,0.0,0.0,300.0,600.0,2777.8223501999737
Proposed - predict,heavy_jamming,1,100.0,99.86666666666667,98.8279168886521,97.90518191841234,83.13817330210773,97.86476868327402,91.11675126903553,99.71830985915493,100.0,212.7199999995488,6.249999999736588,51.10999999969579,90.02666666632706,0.0,,989.2097285477626,0.30000000000001137,1333.8499999993346,1.0,9.039999999999896,1.3998899999999272,3.000250000000881,3.9664111812443643,105,12.099999999999973,96.77637511271415,96.8214607754734,99.61336647334991,138.21530823549898,52.202461302397246,86.05000000000001,12.048803421224761,79,14,16.699999999999733,12,1,4,0.0,0.0,300.0,198.5662405388015,2940.310928547686
Baseline,no_lte,0,100.0,100.0,75.03121098626715,37.086092715231786,90.58919803600655,100.0,68.61747243426632,77.1686068343973,100.0,54.43999999969276,7.549999999735405,66.54999999968175,42.84666666636997,1.0,1.8305400000003482,1805.3253030371695,8.300000000000011,1433.9499999992436,1.0,115.21999999999422,1.3998999999999175,3.000220000001027,3.805507023551611,217,58.800000000000566,84.10091550772242,87.96561604584528,76.51315789473684,337.59004036264173,391.17040029923373,231.87500000000003,59.202259323495014,70,17,129.09999999999224,6,1,3,0.0,121.70599481905653,300.00000000000006,0.0,6291.384103039516
Baseline,no_lte,1,100.0,99.86666666666667,75.43933054393305,33.405875952121875,90.19607843137256,98.57651245551602,66.61016949152543,77.1890266816986,100.0,53.69999999969343,7.499999999735451,64.57999999968354,41.92666666637081,1.0,1.8129350000003277,1816.9739611171703,0.6000000000000227,1433.499999999244,1.0,115.43999999999417,1.3998949999999146,3.0003150000010255,3.8140510311080043,176,58.90000000000057,83.71897937783991,87.72457182803215,76.08695652173914,330.96778328629733,388.6533913847643,242.45000000000002,59.351518298386736,72,18,128.99999999999218,6,0,3,0.0,150.0,300.00000000000006,0.0,6350.559561119614
Baseline + duplicate video,no_lte,0,100.0,100.0,75.03121098626715,36.75496688741722,90.91653027823241,100.0,68.70229007633588,77.19759579263712,100.0,54.43999999969276,7.499999999735451,66.49999999968179,42.81333333303667,1.0,1.8305450000003485,1804.282836397173,10.900000000000034,1433.6999999992438,1.0,114.99999999999426,1.3999049999999178,3.0002150000010266,3.825889424757112,201,58.800000000000566,84.11966170406095,88.01985042286992,76.54158437568576,337.47127427261603,391.6063060528245,231.57500000000002,59.2032902462455,70,17,128.8399999999921,2,0,0,41.48676525728601,150.00000000000003,300.00000000000006,0.0,10813.894436400049
Baseline + duplicate video,no_lte,1,100.0,100.0,75.43933054393305,33.51468988030468,90.11437908496733,98.57651245551602,64.69093988145639,77.13426100037609,100.0,53.69999999969343,7.499999999735451,64.57999999968354,41.92666666637081,1.0,1.8135400000003288,1816.6672908771716,1.5,1433.449999999244,1.0,115.43999999999417,1.3999399999999151,3.000310000001025,3.8187220357941833,184,58.800000000000566,83.55704697986577,87.54893736017897,75.51641661230703,327.7754864072051,386.34349279532216,249.87500000000003,59.29788406702323,73,18,128.99999999999218,4,0,1,41.469212611092985,150.00000000000003,300.00000000000006,0.0,10866.471090880043
Proposed,no_lte,0,100.0,100.0,75.16666666666667,97.90748898678414,90.09009009009009,97.50889679715303,93.55385920271416,77.1686068343973,100.0,54.36999999969282,9.509999999733623,58.54999999968902,40.809999999705155,0.0,,932.1427176930837,-5.300000000000011,1433.7999999992437,1.0,114.89999999999428,1.399824999999915,3.0000950000010245,3.7478333799273136,68,58.40000000000056,89.94268940452893,89.99161308358961,99.52327537857543,101.79803094951012,40.044618563456424,101.17500000000001,58.90287618458376,73,17,128.75999999999206,2,1,0,0.11469030630805817,0.0,300.0,0.0,2964.505117692859
Proposed,no_lte,1,100.0,100.0,75.4180602006689,95.97388465723613,89.62418300653596,96.44128113879003,93.0567315834039,77.21804511278195,100.0,65.92999999968231,6.689999999736187,59.64999999968802,44.08999999970217,0.0,,980.9048790682078,-102.59999999999997,1433.499999999244,1.0,115.53999999999415,1.3998049999999158,3.000195000001026,3.761551904928347,74,58.800000000000566,89.84970290108353,89.89164627752534,99.52166572875633,94.95659761125802,42.18648234075317,102.92500000000001,59.253827202827324,75,18,129.13999999999226,10,4,3,0.1386329964425857,0.0,300.0,0.0,3029.581779067593
Proposed - mission,no_lte,0,100.0,100.0,75.125,35.98233995584989,91.8918918918919,87.54448398576513,93.98305084745763,77.21804511278195,100.0,53.24999999969384,6.209999999736624,49.02999999969768,36.163333333042715,0.0,,1058.789543207936,-5.099999999999966,1433.399999999244,1.0,114.53999999999435,1.3998949999999173,3.0002250000010253,3.7327321029082774,69,58.50000000000056,86.01789709172259,89.46448545861297,93.50013598041882,69.00686264575599,39.48674356877291,152.55,58.90091165611864,70,17,128.39999999999188,2,1,0,0.08836662542783782,0.0,300.0,0.0,4752.925643211094
Proposed - mission,no_lte,1,100.0,99.86666666666667,75.49142618151402,34.1703056768559,91.33986928104575,69.7508896797153,94.41151566469094,77.14285714285715,100.0,175.129999999583,5.559999999737215,56.63999999969076,79.10999999967032,0.0,,1067.2389852472918,-5.0,1433.449999999244,1.0,115.49999999999416,1.3998449999999156,3.000225000001026,3.7092421700223714,70,58.90000000000057,85.584451901566,89.40156599552573,94.37665782493369,68.15010684339883,40.9395485307641,153.25,59.399396497228054,74,19,129.05999999999221,8,2,1,0.23496966278699827,126.84157328936011,300.0,0.0,4766.57278525053
Proposed - uploads,no_lte,0,100.0,100.0,75.16666666666667,97.90748898678414,90.58149058149058,100.0,66.15776081424937,77.12246431254695,100.0,42.28999999970381,5.319999999737433,42.559999999703564,30.056666666381602,1.0,2.2544000000009246,1517.9961372773435,-5.300000000000011,1433.8499999992437,1.0,114.85999999999429,1.3998899999999148,3.000280000001024,3.586245457086944,191,58.40000000000056,87.76908023483367,87.76908023483367,85.44061302681992,308.49012768007924,420.32917187721046,196.32500000000002,58.90454868387906,72,17,128.71999999999204,2,1,0,0.09206968321899887,0.0,300.0,0.0,3475.6283372762487
Proposed - uploads,no_lte,1,100.0,100.0,75.4180602006689,95.86507072905331,92.15686274509804,98.57651245551602,64.0982218458933,77.0590447536668,100.0,42.30999999970379,5.38999999973737,43.20999999970297,30.303333333048045,1.0,2.250140000000922,1534.8593387173116,-102.59999999999997,1433.449999999244,1.0,115.57999999999414,1.3999899999999155,3.0001800000010257,3.604446308724832,172,59.00000000000057,87.6817673378076,87.6817673378076,84.20324922226064,305.5363446586057,427.7601031195439,197.62500000000003,59.29693211099243,69,18,129.1999999999923,6,2,2,0.10831164961824523,0.0,300.0,0.0,3508.394538716254
Proposed - predict,no_lte,0,100.0,100.0,75.02081598667777,98.56670341786108,90.00819000819,97.86476868327402,93.97794741306191,77.26418639609169,100.0,53.289999999693805,7.9499999997350415,57.20999999969024,39.483333333039695,0.0,,938.1991009234259,6.600000000000023,1433.6999999992438,1.0,114.87999999999428,1.3998249999999177,3.0001650000010263,3.752988047808765,67,58.800000000000566,90.01188229537989,90.05381980848536,99.46644201067116,102.55749195039243,40.120901155455606,98.92500000000001,59.200938910747595,73,17,128.73999999999205,2,0,0,0.0,0.0,300.0,0.0,2971.242500923195
Proposed - predict,no_lte,1,100.0,99.86666666666667,75.376254180602,96.07415485278081,90.6938775510204,95.72953736654804,94.07281964436918,77.20947724708537,100.0,62.0899999996858,6.659999999736215,59.21999999968841,42.65666666637014,0.0,,984.2367331636844,1.5,1433.449999999244,1.0,115.61999999999414,1.3999449999999163,3.0001750000010268,3.754334451901566,70,58.800000000000566,89.98881431767339,90.03775167785236,99.27191262951554,97.49053080954577,43.429157554282924,96.55000000000001,59.30192536287518,73,18,129.2199999999923,4,0,2,0.0,0.0,300.0,0.0,3022.9329331631448
Baseline,fast_fade,0,100.0,99.73333333333333,98.77333333333334,35.776805251641136,91.1620294599018,100.0,63.26013513513513,78.69043006586594,98.6,53.98999999969317,7.499999999735451,66.31999999968195,42.60333333303686,1.0,1.99142500000037,1523.5948295771034,5.100000000000023,1374.049999999298,1.0,51.660000000002476,1.3999049999997784,3.0002350000008673,3.9167760758570385,206,51.30000000000046,87.43982494529541,91.52443471918308,73.96957801766438,380.8671131741788,584.0079754683529,255.42500000000004,51.63865841727079,73,13,60.90000000000392,32,23,20,0.0,82.0119511326107,300.0,600.0,5498.956629580643
Baseline,fast_fade,1,100.0,100.0,99.09429941395844,37.99559471365639,88.9430894308943,100.0,64.9746192893401,79.47122861586314,100.0,51.91999999969505,7.549999999735405,67.72999999968067,42.39999999970371,1.0,1.8931950000002664,1535.1948415270836,1.5,1372.999999999299,1.0,50.760000000002336,1.399834999999773,3.0001050000008593,4.011313868613139,215,51.40000000000046,87.81751824817519,91.75182481751824,75.34342258440047,402.64274242786064,582.7896232558032,238.05000000000004,50.692683165353856,71,15,60.7600000000039,36,29,27,0.0,50.790795691810416,300.0,600.0,5758.805441530642
Baseline + duplicate video,fast_fade,0,100.0,100.0,99.46723494938732,36.66300768386389,91.39344262295081,100.0,64.21940928270043,79.13279132791328,98.4,53.96999999969319,7.499999999735451,66.31999999968195,42.5966666663702,1.0,2.0125350000003945,1523.4980613160424,3.5,1374.099999999298,1.0,51.62000000000247,1.3998149999997818,3.0003150000008705,3.9453723287871054,198,51.800000000000466,87.79811829917584,91.8313762672307,73.733862959285,379.9919999656423,584.4829469496517,238.42500000000004,51.544549017337204,73,15,61.16000000000396,30,21,17,41.802478695707904,150.00000000000003,300.0,600.0000000000001,9472.141661318647
Baseline + duplicate video,fast_fade,1,100.0,100.0,99.30740543420352,38.257993384785,88.6178861788618,100.0,65.82064297800339,79.26158680282796,100.0,51.81999999969514,7.549999999735405,67.72999999968067,42.366666666370406,1.0,1.8812650000002624,1529.5239635875205,0.8999999999999773,1370.2999999993015,1.0,47.680000000001854,1.399904999999781,3.000205000000859,4.001243326263439,199,51.30000000000046,87.88853945732465,91.78673297740072,75.46468401486989,419.7686077723347,584.0674614277418,245.22500000000002,47.6422736896252,72,15,57.78000000000343,36,28,26,42.12985875695364,150.00000000000003,300.0,600.0000000000001,9912.23356359043
Proposed,fast_fade,0,100.0,100.0,99.83999999999999,98.35886214442013,91.55737704918033,97.50889679715303,93.15878378378379,99.71791255289139,100.0,56.20999999969115,8.179999999734832,56.89999999969052,40.4299999997055,0.0,,985.020187680123,-0.8000000000000114,1328.5499999993394,1.0,3.1000000000000023,1.3998749999999136,3.000155000000868,4.058166729536024,65,5.799999999999995,98.3025273481705,98.35533760844964,99.6608253250424,99.17980105158792,49.59581323582824,40.025000000000006,6.100655863871452,60,13,9.419999999999888,20,5,8,0.3668285506359447,0.0,300.0,278.67130875982326,2971.4153876800046
Proposed,fast_fade,1,100.0,100.0,98.98774640383591,97.90286975717439,90.73923639317628,97.86476868327402,94.24216765453006,99.7653683716565,100.0,65.50999999968269,7.2099999997357145,52.04999999969493,41.589999999704446,0.0,,1045.611071749394,-2.1000000000000227,1328.6999999993393,1.0,3.0600000000000023,1.3997749999999045,3.000175000000859,4.129365618163988,62,5.899999999999995,98.17454929471224,98.21980840310779,99.6803409696324,100.17180349066743,49.69421306410594,40.2,6.052706909005792,43,14,10.71999999999986,14,6,3,0.5474898365652529,0.0,300.0,111.89809212192517,3105.0804717493324
Proposed - mission,fast_fade,0,100.0,100.0,99.30703624733475,37.41794310722101,90.49180327868852,87.18861209964413,92.4831081081081,99.76492712740949,100.0,59.27999999968836,5.759999999737033,52.93999999969412,39.32666666637317,0.0,,1085.4969111027808,-0.8999999999999773,1328.5999999993394,1.0,3.0400000000000023,1.3997749999999143,3.0001750000008682,4.086828605914303,83,9.199999999999983,93.65570307785154,97.30687990343995,94.19984181386765,68.03215527340852,49.367786630057246,108.9,6.0481772052429505,66,14,9.439999999999888,18,4,9,0.07246611552532019,72.40263619849601,300.0,600.0,4691.848011105294
Proposed - mission,fast_fade,1,100.0,100.0,98.98774640383591,52.64900662251656,89.26829268292683,87.54448398576513,92.30118443316412,99.7653683716565,100.0,64.87999999968326,5.669999999737115,48.5699999996981,39.706666666372826,0.0,,1104.4102469291413,-71.69999999999999,1328.5999999993394,1.0,3.0400000000000023,1.3998699999999045,3.0002100000008585,4.123642124321062,82,8.899999999999984,94.55340977670488,97.14091732045867,94.59671104150353,68.43579218298146,50.2860968001413,99.95000000000002,6.047433069382237,44,14,10.679999999999861,12,4,1,0.1813419828728173,4.622106914895981,300.0,230.24647470512346,4742.420846931809
Proposed - uploads,fast_fade,0,100.0,100.0,99.83999999999999,97.81181619256017,91.72131147540983,100.0,63.40640809443507,99.81185324553151,100.0,42.30999999970379,5.38999999973737,42.669999999703464,30.12333333304821,1.0,2.2531950000007677,1523.3370670376967,-0.8000000000000114,1328.5499999993394,1.0,3.0400000000000023,1.3999149999999143,3.000155000000868,3.8624669935873257,165,17.999999999999986,95.68464730290457,95.68464730290457,84.39888811674774,307.40207303742295,425.03414215477164,144.00000000000003,6.0454228118385345,59,12,9.379999999999889,16,3,6,0.19008920133551097,0.0,300.0,228.91126564598983,3419.4472670372156
Proposed - uploads,fast_fade,1,100.0,100.0,98.98774640383591,97.46136865342163,90.65800162469537,100.0,63.67485182049111,99.71830985915493,100.0,43.129999999703045,5.319999999737433,42.59999999970353,30.34999999971467,1.0,2.251405000000756,1538.1577782377165,-2.1000000000000227,1328.5499999993394,1.0,3.0400000000000023,1.3999649999999044,3.000165000000859,3.9491512636740853,196,9.99999999999998,95.44322897019993,95.44322897019993,84.02633402633403,305.0689079099356,427.376031843255,150.60000000000002,6.04818424328289,44,14,10.659999999999862,12,4,3,0.32398094339857136,0.0,300.0,111.89809212192517,3518.725478237579
Proposed - predict,fast_fade,0,100.0,100.0,99.78689397975494,97.91666666666666,90.33579033579034,97.50889679715303,94.25675675675676,99.71791255289139,99.8003992015968,59.30999999968833,8.139999999734869,57.259999999690194,41.569999999704464,0.0,,961.4882545792772,1.3999999999999773,1328.6999999993393,1.0,3.0400000000000023,1.399989999999916,3.0002300000008697,4.03009730708305,70,5.799999999999995,98.24243795730557,98.29524025043374,99.38236945536215,102.23680560283694,51.41355240348271,40.95,6.047090959925413,62,13,9.619999999999884,16,5,7,0.0,0.0,300.0,600.0,2920.6471545791296
Proposed - predict,fast_fade,1,100.0,100.0,99.04102290889718,97.90518191841234,89.68318440292445,97.50889679715303,94.66553767993227,99.71830985915493,100.0,65.47999999968272,7.119999999735796,51.77999999969518,41.459999999704564,0.0,,1025.2713528843617,1.0,1328.6499999993393,1.0,3.0600000000000023,1.3999349999999047,3.0002150000008587,4.069553409776705,60,5.799999999999995,98.1065178032589,98.15932407966204,99.33481152993349,100.96918728442567,52.87147115788569,42.47500000000001,6.050663198412735,45,14,10.579999999999863,8,1,1,0.0,0.0,300.0,600.0,3019.03505288439
