config,variant,n,useful_leave base,useful_leave base_ci,useful_radio edge,useful_radio edge_ci,useful_transit,useful_transit_ci,useful_crater,useful_crater_ci,useful_contested,useful_contested_ci,useful_inspection,useful_inspection_ci,useful_return,useful_return_ci,radio_leave_minus_fail_s,radio_leave_minus_fail_s_ci,prot_level_mean,prot_level_mean_ci,interruptions,interruptions_ci,longest_interruption_s,longest_interruption_s_ci,useful_view_pct,useful_view_pct_ci,live_view_pct,live_view_pct_ci,blind_m,blind_m_ci,progress_pct,progress_pct_ci,max_cmd_gap_s,max_cmd_gap_s_ci,fresh_cmd_pct,fresh_cmd_pct_ci,stale_exec,stale_exec_ci,stale_rejected,stale_rejected_ci,failsafe_stops,failsafe_stops_ci,failsafe_s,failsafe_s_ci,switches,switches_ci,false_switches,false_switches_ci,pingpongs,pingpongs_ci,dup_overhead_pct,dup_overhead_pct_ci,lte_mbit,lte_mbit_ci,total_mbit,total_mbit_ci
Baseline,nominal,20,100.0,0.0,99.28333333333333,0.39449934219736255,94.16666666666667,0.3907755887284241,65.46153846153847,1.2260753610732218,78.64999999999999,0.7795098024808549,75.20000000000002,3.9810073731736737,99.53636363636363,0.26677209891978976,2.297999999999999,0.6205018455208144,4.026603375527426,0.01738205476987005,13.45,1.0398116226155174,7.0249999999999915,0.7260046034361782,89.73417721518987,0.4877922991053993,95.89240506329116,0.1416334079407048,21.968749999999996,0.9697783872590362,97.5472950547627,0.10703410360513956,5.91910260833925,0.012993485642085852,94.47395833333334,0.16741601144501617,53.65,0.3561936197306769,0.0,0.0,3.3,0.42894337744349387,6.201999999999956,0.23171669744254925,4.2,0.26979290303178055,0.0,0.0,0.2,0.2697929030317806,0.0,0.0,27.423749999999878,0.9854873606485618,686.4938000000091,5.75358291691803
"Baseline (fast, 1 check)",nominal,20,100.0,0.0,99.41666666666667,0.3788117772365305,94.58974358974359,0.42346803988270937,65.8076923076923,1.3473005642170037,78.61666666666665,0.6111833216241895,75.14000000000001,4.021141313764434,99.53636363636363,0.26677209891978976,2.052999999999999,0.6035703010376976,4.03873417721519,0.023188476170271182,13.1,0.8868579664363279,7.074999999999991,0.7223750811695633,89.84810126582279,0.5048470484972092,95.98312236286921,0.15090218167745112,21.183750000000003,0.8111743607589132,97.55127779621641,0.10578833961811021,5.914536603615187,0.012877447375590777,94.47500000000001,0.1715767372180329,53.7,0.35119165557764664,0.0,0.0,3.3,0.42894337744349387,6.194999999999956,0.22525643024876973,4.2,0.26979290303178055,0.0,0.0,0.2,0.2697929030317806,0.0,0.0,28.76764999999986,0.7497199971945889,689.4735000000086,7.05118625352052
Baseline (5 checks),nominal,20,100.0,0.0,99.15,0.4330481922859218,93.75641025641025,0.4854431876248378,65.50000000000001,1.2674577728093641,78.76666666666667,0.7063700800985833,75.18,3.9921550818943308,99.53636363636363,0.26677209891978976,2.508,0.6373063846170727,4.016940928270042,0.01622303158852066,13.25,1.1002769986163532,7.0249999999999915,0.7308620360844239,89.66666666666666,0.49032427560017283,95.81434599156121,0.14543596551020596,22.615000000000002,1.024109254554004,97.54065715233988,0.10402879998188408,5.914750927916233,0.009610406651111954,94.43541666666665,0.154523424339453,53.85,0.29399999999999993,0.0,0.0,3.35,0.38352684665517633,6.199999999999955,0.2225496202505906,4.1,0.19599999999999995,0.05,0.09799999999999998,0.05,0.09799999999999998,0.0,0.0,25.549749999999886,1.6389060931995008,684.8502000000088,5.437545256087704
"Baseline (slow, 8 checks)",nominal,20,100.0,0.0,98.86666666666666,0.847082036527861,92.94871794871794,0.5352273542179419,65.71153846153847,1.1733149821498394,78.58333333333333,0.7596594343127386,75.22,3.987695681784947,99.55454545454545,0.27050422847906463,2.992999999999999,0.6822348674760037,4.005632911392405,0.02050853527108462,13.15,0.9567720951748453,7.0249999999999915,0.726561382200609,89.50632911392405,0.5141972874895618,95.7004219409283,0.20327452402097726,24.173750000000002,1.4763925281702157,97.53335545967475,0.10220978789533815,5.911696409402585,0.012378386483001743,94.325,0.1661406765822402,53.9,0.19599999999999995,0.0,0.0,3.55,0.4376922735390578,6.216999999999956,0.2134847335352803,4.1,0.19599999999999995,0.05,0.09799999999999998,0.05,0.09799999999999998,0.0,0.0,24.238349999999887,1.726025378697036,683.2799000000084,6.582749415799934
Baseline + duplicate video,nominal,20,100.0,0.0,99.86666666666666,0.18600232659049232,94.7948717948718,0.45843798905181954,65.48076923076924,1.4133623446975327,78.50000000000001,0.6576175322430577,76.1,3.8763794067742077,99.70909090909092,0.215375508891705,2.3679999999999994,0.5445923436073905,4.035295358649789,0.01995294773303211,12.15,0.8445255285786526,6.8549999999999915,0.7134472266840445,90.0295358649789,0.4583447775235666,96.09704641350213,0.10623061541849581,20.095,0.6744410379597396,97.5519415864587,0.10647539721113874,5.919795495663844,0.013207269062808204,94.415625,0.18508180855750753,53.9,0.13489645151589028,0.0,0.0,3.3,0.42894337744349387,6.196999999999956,0.2236240700724932,4.0,0.0,0.0,0.0,0.0,0.0,49.77923301957569,0.0066055296593867,68.55724999999967,6.480233523420884,1366.088199999835,13.303606229105084
Proposed,nominal,20,100.0,0.0,99.66666666666667,0.2843866900431246,98.80769230769232,0.3444923588319618,95.46153846153847,0.34415455017582897,78.39999999999999,0.6208928489075713,97.03999999999999,0.3789926148426425,99.7,0.21362271767474056,-4.407000000000001,1.755216646301143,4.12,0.04960005999656442,11.6,0.8093787090953419,5.694999999999995,0.05593641126549982,96.14767932489454,0.12586547211063487,96.50000000000001,0.13354935597704026,0.8943749999999999,0.19791865432612246,78.91614669764354,1.0077350942447523,5.9113714189355475,0.012521710273864613,94.33020833333333,0.20997845436500118,0.0,0.0,53.9,0.13489645151589028,4.8,0.5616187131385211,8.766999999999904,0.23056860260074635,5.55,0.5593641126550002,0.65,0.3561936197306769,0.4,0.26219157319149594,1.8575114581153358,0.2565620413282709,18.949074999999986,1.4657159858210187,375.46754999999587,7.6469859919488155
Proposed - mission,nominal,20,100.0,0.0,99.63333333333333,0.34146146169745356,98.7051282051282,0.38667194661286347,48.269230769230774,3.6332684563782736,78.65,0.5455379661532453,61.34000000000001,2.795840826731926,99.7,0.21362271767474056,-5.077000000000001,1.7173012938849566,3.992974683544303,0.03292317005193114,12.6,0.9892406444498623,9.384999999999982,0.5562423004789396,87.21518987341774,0.5432976806963299,94.00421940928268,0.23428884267707037,8.863250000000003,0.9896018416807312,80.03728841686028,0.9246664354018408,5.910146059918633,0.008657179013481514,94.4,0.19331762829436086,0.0,0.0,53.85,0.16055889229418854,4.75,0.5296582810990894,8.761999999999901,0.2312275408837702,5.9,0.6181732000525076,0.9,0.39966196242640645,0.95,0.3887629503681483,1.124833758616763,0.10642403074065877,24.821299999999876,0.6246707248031438,638.1109550000109,13.42769420607658
Proposed - predict,nominal,20,100.0,0.0,99.6,0.35342349064923523,98.61538461538461,0.32282911473888315,95.61538461538461,0.29145069342126095,78.48333333333332,0.5434750434077138,97.03999999999999,0.3874344657657064,99.65454545454546,0.21303524919334055,1.6629999999999998,0.373998502783381,4.010295358649789,0.037028301286094016,12.65,1.0280785347842891,5.694999999999996,0.07176891278335785,96.12447257383968,0.11761209620473688,96.47679324894516,0.11610658082482998,1.5972500000000003,0.212731740870243,79.68926319283108,0.9578880410415082,5.911227434227752,0.011727836508614456,94.35208333333335,0.1945010758174667,0.0,0.0,53.9,0.13489645151589028,4.7,0.5339355372090688,8.784999999999902,0.2390688383576617,4.7,0.4289433774434938,0.15,0.16055889229418857,0.65,0.40903763821155165,0.0,0.0,14.503224999999892,0.39001490483603374,352.73412999999636,5.661723998273135
Proposed - degrade,nominal,20,100.0,0.0,99.66666666666667,0.2843866900431246,98.80769230769232,0.3444923588319618,95.46153846153847,0.34415455017582897,78.39999999999999,0.6208928489075713,97.03999999999999,0.3789926148426425,99.7,0.21362271767474056,-4.407000000000001,1.755216646301143,4.12,0.04960005999656442,11.6,0.8093787090953419,5.694999999999995,0.05593641126549982,96.14767932489454,0.12586547211063487,96.50000000000001,0.13354935597704026,5.125,0.6299983625709713,97.53667441088618,0.11273524748736918,5.9113714189355475,0.012521710273864613,94.33020833333333,0.20997845436500118,53.9,0.13489645151589028,0.0,0.0,3.8,0.5616187131385211,6.216999999999954,0.23114664308729216,5.55,0.5593641126550002,0.65,0.3561936197306769,0.4,0.26219157319149594,1.8575114581153358,0.2565620413282709,18.949074999999986,1.4657159858210187,375.46754999999587,7.6469859919488155
Baseline,harsh_handovers,20,100.0,0.0,95.55,1.8571676290359949,90.66666666666666,0.84126667820758,58.88461538461538,2.442067194636651,73.03333333333333,1.4784005582136106,62.220000000000006,4.4219981346850314,96.83636363636364,0.7119766382138749,3.2980000000000005,0.9700635927499539,3.844599156118144,0.02915938217727852,18.2,1.2031943448915254,9.129999999999985,0.8103898009437677,85.25738396624472,0.6317507741726033,92.6603375527426,0.3914316768961372,30.03125,2.5418847098736546,95.5131098572851,0.29179603842251955,5.9108077543436135,0.009280920018698501,91.14583333333334,0.34325063941963546,53.9,0.13489645151589028,0.0,0.0,7.75,0.46891476051792064,12.21199999999983,0.7111396111949501,4.0,0.0,0.0,0.0,0.0,0.0,0.0,0.0,28.699999999999854,1.9139833010004303,660.3720000000189,6.84738980689273
"Baseline (fast, 1 check)",harsh_handovers,20,100.0,0.0,95.26666666666667,1.7725756460734283,91.1923076923077,0.8474656416469651,59.07692307692307,2.443597676477162,72.95000000000002,1.4657146112519392,62.2,4.409552959797984,96.71818181818182,0.7166901788968395,2.827999999999999,1.044727900550892,3.8500843881856532,0.028025439137198325,18.0,1.0829122528480417,9.139999999999983,0.8039144442564805,85.28902953586498,0.5561411224387559,92.6898734177215,0.3575689190196815,29.817500000000003,2.2384448902847947,95.53501493528046,0.2883656390822969,5.912397408584463,0.009855436253680861,91.14270833333333,0.32754226812523823,53.95,0.09799999999999999,0.0,0.0,7.7,0.47374076855330244,12.16899999999983,0.6913549521125208,4.1,0.19599999999999995,0.0,0.0,0.05,0.09799999999999998,0.0,0.0,31.265399999999808,0.7434902443311285,661.4905000000197,6.716234068072055
Baseline (5 checks),harsh_handovers,20,100.0,0.0,95.66666666666666,1.4639700888517606,90.62820512820514,0.8685364127026084,58.86538461538462,2.3481430407121633,72.83333333333334,1.3692135447015374,62.2,4.4322375007616515,96.64545454545454,0.7684466359318004,2.762999999999999,0.7265232564684171,3.834472573839663,0.028450507758086267,18.3,1.129520065756854,9.139999999999983,0.8083038198988999,85.19198312236286,0.5838092117163163,92.59915611814344,0.3778108501139283,30.357500000000005,2.040155841699612,95.51792233654166,0.2955940206949252,5.927753939277918,0.01674314429912589,91.103125,0.31893882135191737,53.8,0.1798619353545204,0.0,0.0,7.8,0.5243831463829919,12.219999999999828,0.69384524529684,4.3,0.32111778458837714,0.0,0.0,0.25,0.2799078795829649,0.0,0.0,26.351499999999856,3.0752266364541,658.4564000000186,7.197742530969703
"Baseline (slow, 8 checks)",harsh_handovers,20,100.0,0.0,96.36666666666666,1.4218544517183693,90.01282051282053,0.9405470731676229,58.71153846153847,2.447801567373416,72.88333333333334,1.4022655937166946,63.239999999999995,4.601408282368849,96.9090909090909,0.6374826524944851,3.172999999999999,0.6124293946673619,3.841054852320675,0.027164559379384348,17.9,1.1455172125335027,8.974999999999984,0.8466028647047628,85.3396624472574,0.5762378136240859,92.668776371308,0.32591648767241915,29.786249999999995,1.5850790474643608,95.50398274145371,0.294732228988159,5.910554681184519,0.00921089545238404,91.02083333333334,0.3321017159058383,53.9,0.13489645151589028,0.0,0.0,7.95,0.5219677344333399,12.232999999999828,0.6833349707057687,4.0,0.0,0.0,0.0,0.0,0.0,0.0,0.0,24.919149999999856,3.3424924186669207,660.693700000017,7.6264358543441135
Baseline + duplicate video,harsh_handovers,20,100.0,0.0,98.76666666666668,0.8017093434312891,91.62820512820512,0.8490327746791195,59.03846153846153,2.432618191890768,72.96666666666665,1.2449476468008007,62.17999999999999,4.410644116703423,97.73636363636363,0.48675384069918426,2.8329999999999993,0.6386968298850895,3.8702320675105484,0.02336106643674786,15.75,0.7371459899682801,9.129999999999985,0.8110133025062538,86.03586497890298,0.5770805202681368,93.44092827004218,0.3272721712065903,22.720000000000006,0.9422294239559814,95.54663126452043,0.2863872239935222,5.9104258967578645,0.0093730417926186,91.21770833333332,0.3277592132683832,53.95,0.09799999999999999,0.0,0.0,7.7,0.47374076855330244,12.166999999999828,0.6944643488860054,4.1,0.19599999999999995,0.0,0.0,0.1,0.19599999999999995,49.8051442933935,0.00815364826322073,106.50270000000114,6.389352112308379,1310.8969999998517,11.99755788861615
Proposed,harsh_handovers,20,100.0,0.0,98.03333333333333,0.886604614633862,95.57692307692307,0.9265927571017424,92.92307692307693,0.9383715361368488,72.58333333333334,1.3488604243747553,91.42,1.3573023275678309,97.77272727272728,0.47098150225629287,-3.2870000000000017,1.2345953865559611,3.749029535864979,0.045343772438511336,15.0,0.864928351154926,5.714999999999995,0.07426114660262663,93.35443037974683,0.31574145766008976,93.7995780590717,0.31103061661363135,1.0065,0.24171650569689238,72.94663126452042,0.6443960490377789,5.917846188480998,0.011065998317767858,90.9125,0.3560211181232189,0.0,0.0,53.9,0.13489645151589028,10.1,0.5301352359738528,14.828999999999771,0.6902954570479456,7.1,1.1187282253100004,0.8,0.5243831463829919,1.8,0.7194477414180817,1.4641940066200605,0.22623240994633437,19.312300000000015,2.472955143578439,326.2312650000021,6.534986372370227
Proposed - mission,harsh_handovers,20,100.0,0.0,98.04999999999998,0.8144629917388992,95.48717948717947,0.8631051881222362,41.13461538461539,3.6026702915370308,73.03333333333333,1.3580105503900766,45.14,3.6557906239712077,97.77272727272728,0.47098150225629287,-4.087000000000001,2.005964663612786,3.7208860759493674,0.02891768183901846,16.25,1.1886121938497942,11.179999999999975,0.5541163548721874,82.83544303797467,0.6498723464239841,91.62869198312237,0.29511056869915864,7.9719999999999995,0.6441046198773678,74.16669432459341,0.6911900897175712,5.912670739481189,0.016141945956510192,90.89375000000001,0.3465190459352944,0.0,0.0,53.85,0.16055889229418857,10.1,0.5488736792646135,14.838999999999775,0.690143130784043,7.1,0.7904210736589773,0.8,0.39199999999999996,1.95,0.8226963371487043,0.9085309057780376,0.1403082798996979,26.17334999999984,1.259022570034272,564.5038300000281,9.950416456110672
Proposed - predict,harsh_handovers,20,100.0,0.0,97.96666666666667,0.8941739433329916,95.24358974358974,0.9510881069324466,92.75000000000001,0.9954060000581313,72.93333333333334,1.2811437141766204,91.34,1.378351613532017,97.61818181818182,0.47943823876844455,1.8479999999999994,0.3811646381124154,3.7240506329113927,0.03068766930469424,16.95,0.9797420713207072,5.6699999999999955,0.053393553720906685,93.27215189873417,0.33050094590481516,93.70464135021095,0.3241292422604328,2.104375,0.2609569624604389,73.3628443411882,0.6022629229885286,5.922201724992306,0.01564371104258455,90.859375,0.33954754614462446,0.0,0.0,53.8,0.17986193535452039,9.95,0.5219677344333399,14.909999999999773,0.6995421239338443,6.3,0.588,0.45,0.2650676179869264,2.25,0.6011769158995763,0.0,0.0,15.759224999999882,0.39508676970821505,319.6289850000033,4.210004538825405
Proposed - degrade,harsh_handovers,20,100.0,0.0,98.03333333333333,0.886604614633862,95.57692307692307,0.9265927571017424,92.92307692307693,0.9383715361368488,72.58333333333334,1.3488604243747553,91.42,1.3573023275678309,97.77272727272728,0.47098150225629287,-3.2870000000000017,1.2345953865559611,3.749029535864979,0.045343772438511336,15.0,0.864928351154926,5.714999999999995,0.07426114660262663,93.35443037974683,0.31574145766008976,93.7995780590717,0.31103061661363135,7.77625,1.1947598293667312,95.48456687686691,0.29285225459086833,5.917846188480998,0.011065998317767858,90.9125,0.3560211181232189,53.9,0.13489645151589028,0.0,0.0,9.1,0.5301352359738528,12.276999999999827,0.6913420840197866,7.1,1.1187282253100004,0.8,0.5243831463829919,1.8,0.7194477414180817,1.4641940066200605,0.22623240994633437,19.312300000000015,2.472955143578439,326.2312650000021,6.534986372370227
Baseline,heavy_jamming,20,100.0,0.0,99.28333333333333,0.39449934219736255,94.16666666666667,0.3907755887284241,61.57692307692308,2.6533829085801606,58.43333333333332,0.7495746006044663,64.82000000000001,0.6765176218189582,99.54545454545455,0.26805308726119204,2.297999999999999,0.6205018455208144,3.8883966244725743,0.013671528951855605,12.85,1.0082200052306878,20.42500000000002,0.19593551570807818,85.6561181434599,0.31016140155411537,92.44092827004218,0.14239382721071586,23.55,1.232338335719623,95.17955526053768,0.1088993441947837,14.207137807799452,0.17842293405388662,90.95208333333333,0.1527297677089984,59.8,1.7737159328726557,0.0,0.0,3.0,0.4265800350646868,14.338999999999782,0.26462445111197264,4.2,0.26979290303178055,0.0,0.0,0.2,0.2697929030317806,0.0,0.0,27.423749999999878,0.9854873606485618,672.9143000000131,4.746532485607441
"Baseline (fast, 1 check)",heavy_jamming,20,100.0,0.0,99.41666666666667,0.3788117772365305,94.58974358974359,0.42346803988270937,60.59615384615385,2.474658223462859,58.11666666666666,0.8130826619752006,64.82000000000001,0.6765176218189582,99.52727272727273,0.26415986302207145,2.052999999999999,0.6035703010376976,3.8990928270042198,0.018513219797208793,13.0,0.943203946244144,20.420000000000023,0.20388760577699386,85.59071729957807,0.3096401544624807,92.47468354430379,0.17370974470890055,23.431250000000002,1.1281872322097308,95.17407899103884,0.10846189283739599,14.204670410605662,0.17669466807649395,90.915625,0.14306932636127132,59.85,1.7832372100672473,0.0,0.0,3.0,0.4265800350646868,14.340999999999784,0.2640890661560128,4.2,0.26979290303178055,0.0,0.0,0.2,0.2697929030317806,0.0,0.0,28.76764999999986,0.7497199971945889,676.1650000000126,6.048379771846125
Baseline (5 checks),heavy_jamming,20,100.0,0.0,99.15,0.4330481922859218,93.75641025641025,0.4854431876248378,60.269230769230774,2.5890267684206902,58.51666666666667,0.6744406215870932,64.82000000000001,0.6765176218189582,99.52727272727273,0.26415986302207145,2.508,0.6373063846170727,3.877510548523207,0.012999897718619818,12.8,0.8484070522548651,20.39000000000002,0.18697208347772398,85.43459915611814,0.34085587057200906,92.35654008438817,0.1505050817703626,24.682499999999997,1.2356874734759042,95.16893461666113,0.10488210881255403,14.199969698874572,0.17756485946702766,90.896875,0.13126553757934328,60.15,1.811361279317444,0.0,0.0,3.05,0.38876295036814823,14.349999999999785,0.25826789844736453,4.0,0.0,0.0,0.0,0.0,0.0,0.0,0.0,25.549749999999886,1.6389060931995008,671.1932000000128,4.504917138747426
"Baseline (slow, 8 checks)",heavy_jamming,20,100.0,0.0,98.86666666666666,0.847082036527861,92.94871794871794,0.5352273542179419,60.57692307692308,2.608821367125077,58.7,0.8517105732493851,64.74000000000001,0.7018649682696884,99.52727272727273,0.26415986302207145,2.992999999999999,0.6822348674760037,3.8622995780590728,0.015387177361605855,12.2,0.8719130811340265,20.405000000000022,0.2096930036731672,85.31434599156118,0.37306845456914867,92.23417721518987,0.20011334658530994,25.872500000000002,1.6325276863937423,95.15449717889148,0.1076425536928127,14.205686198272222,0.18198158282953567,90.81354166666667,0.14942976986556605,60.05,1.81247716501042,0.0,0.0,3.15,0.38352684665517633,14.375999999999783,0.2569823625321955,4.0,0.0,0.0,0.0,0.0,0.0,0.0,0.0,24.238349999999887,1.726025378697036,669.0674000000128,5.365418386692338
Baseline + duplicate video,heavy_jamming,20,100.0,0.0,99.86666666666666,0.18600232659049232,94.7948717948718,0.45843798905181954,62.346153846153854,2.8232307871009246,58.41666666666667,0.5724643557432126,64.82000000000001,0.6765176218189582,99.69090909090909,0.21177653655541384,2.3679999999999994,0.5445923436073905,3.89675105485232,0.016514830598819807,11.15,0.7426114660262687,20.38500000000002,0.18932284317368953,85.94936708860762,0.30885444912484367,92.65400843881855,0.11937782877436025,21.3875,1.0157653285240535,95.17955526053768,0.10989286790711862,14.20333049372573,0.17758620388155244,90.93020833333334,0.1661373752865538,59.75,1.7581159173806964,0.0,0.0,3.05,0.41395117942502396,14.342999999999785,0.2688210222042619,4.0,0.0,0.0,0.0,0.0,0.0,49.7746233943255,0.0065763004615460394,68.55724999999964,6.464323971441409,1337.9501999998351,11.621728597256087
Proposed,heavy_jamming,20,100.0,0.0,99.66666666666667,0.2843866900431246,98.80769230769232,0.3444923588319618,95.15384615384616,0.46534516512284446,58.583333333333336,0.5443011507337264,88.5,0.6253274678960337,99.69090909090909,0.22254901957928827,-4.407000000000001,1.755216646301143,4.012510548523206,0.05030689506777378,10.85,0.6711013728428655,14.459999999999965,0.186701540601993,92.70253164556961,0.12705742343450557,92.98734177215188,0.12038373406331157,0.94275,0.20061135940183603,78.17077663458348,0.9774890316461664,14.19823998241542,0.17834858087519354,90.85625,0.20755353093058745,0.0,0.0,59.85,1.7546624206742205,5.1,0.5107097228882876,16.968999999999728,0.2697850339573441,5.95,0.6589399780987961,0.85,0.38352684665517633,0.5,0.3016376355130353,1.9286142484775688,0.2488712504830828,19.169074999999992,1.447579283666978,371.6478999999977,7.958804993892691
Proposed - mission,heavy_jamming,20,100.0,0.0,99.63333333333333,0.34146146169745356,98.7051282051282,0.38667194661286347,42.26923076923077,7.039040121348897,58.51666666666667,0.6489775854625089,52.8,2.4084043724118716,99.69090909090909,0.2117765365554139,-5.077000000000001,1.7173012938849566,3.8551476793248947,0.03471370852961368,12.1,1.340695499005136,22.75000000000005,0.27809615906051766,83.10548523206751,0.8577164657144203,90.47679324894514,0.2257760580926989,9.99075,1.5569798788900329,78.95474610023233,0.9100052637518197,14.200794985746816,0.17798499963684966,90.80104166666668,0.17937519968609636,0.0,0.0,59.9,1.8036708767341525,5.2,0.5433200084470913,16.979999999999727,0.27753576687471027,5.8,0.6132474386841184,0.8,0.36530131758806855,0.85,0.38352684665517633,1.1312152585276334,0.1119790574260205,25.008799999999876,0.7707661140263936,626.5412750000171,13.065424177844454
Proposed - predict,heavy_jamming,20,100.0,0.0,99.6,0.35342349064923523,98.61538461538461,0.32282911473888315,95.53846153846153,0.3207636481421804,58.19999999999999,0.664245709487912,88.46000000000001,0.6366070852988,99.65454545454546,0.21303524919334055,1.6629999999999998,0.373998502783381,3.891877637130802,0.03671430475431424,12.05,1.1148810651695922,14.549999999999965,0.1962577252921317,92.6434599156118,0.1661905973378036,92.93037974683543,0.1592442345895462,1.6570000000000005,0.24052767174211828,78.9268337205443,0.9934492796793364,14.216146426072333,0.18297583494555675,90.76354166666667,0.18590499242837843,0.0,0.0,59.7,1.718717024564054,5.1,0.5107097228882876,17.008999999999723,0.28019630697441733,4.8,0.5243831463829919,0.2,0.1798619353545204,0.75,0.5102146091287676,0.0,0.0,14.503224999999892,0.39001490483603374,346.14892499999837,5.699370780821718
Proposed - degrade,heavy_jamming,20,100.0,0.0,99.66666666666667,0.2843866900431246,98.80769230769232,0.3444923588319618,95.15384615384616,0.46534516512284446,58.583333333333336,0.5443011507337264,88.5,0.6253274678960337,99.69090909090909,0.22254901957928827,-4.407000000000001,1.755216646301143,4.012510548523206,0.05030689506777378,10.85,0.6711013728428655,14.459999999999965,0.186701540601993,92.70253164556961,0.12705742343450557,92.98734177215188,0.12038373406331157,5.22125,0.43110730911651707,95.17241951543312,0.11307835750146734,14.19823998241542,0.17834858087519354,90.85625,0.20755353093058745,59.85,1.7546624206742205,0.0,0.0,3.4,0.5205131071710319,14.363999999999782,0.27169870371423716,5.95,0.6589399780987961,0.85,0.38352684665517633,0.5,0.3016376355130353,1.9286142484775688,0.2488712504830828,19.169074999999992,1.447579283666978,371.6478999999977,7.958804993892691
Baseline,no_lte,20,100.0,0.0,99.06666666666666,0.788286527300072,87.21794871794873,0.4771573873363989,62.30769230769232,1.0172881188660612,78.78333333333333,0.6589399780987961,75.22,3.987695681784947,99.53636363636365,0.26171315011813673,1.2179999999999986,2.263302956598469,4.014008438818565,0.02032458344165569,12.95,1.0201815111976267,6.9799999999999915,0.7350997125345766,88.23628691983123,0.5016353705234327,94.68565400843879,0.22048253793286385,14.750000000000004,1.354778762284397,95.05609027547294,0.12736800250126723,5.91325346671641,0.01699909998664385,92.34583333333335,0.195861153305777,53.65,0.25732674293897034,0.0,0.0,4.45,0.3887629503681483,10.808999999999857,0.27230638147034036,2.5,0.4822010936703089,0.1,0.1348964515158903,0.4,0.38680771776984463,0.0,0.0,0.0,0.0,703.6693999999957,5.7348904339248605
"Baseline (fast, 1 check)",no_lte,20,100.0,0.0,99.36666666666666,0.4568418411619685,87.20512820512822,0.4752382120352731,62.269230769230774,0.9872976496573858,78.56666666666666,0.7031824732196293,75.22,3.987695681784947,99.54545454545455,0.2617450721954791,0.7529999999999994,2.1439512987595206,4.017721518987342,0.01600463753910132,12.95,0.969368649661917,6.974999999999992,0.7374716337096037,88.24261603375528,0.4489888970817148,94.67932489451476,0.18048088794069844,14.633750000000001,0.9906338169788599,95.0580816461998,0.12777966610397185,5.910433167495566,0.014700125738116306,92.33541666666665,0.1903740729358879,53.85,0.16055889229418854,0.0,0.0,4.45,0.3887629503681483,10.81499999999986,0.2701954185594626,2.5,0.4822010936703089,0.1,0.1348964515158903,0.4,0.38680771776984463,0.0,0.0,0.0,0.0,704.7833999999958,5.363221256381015
Baseline (5 checks),no_lte,20,100.0,0.0,98.98333333333333,0.8022345838253173,87.21794871794873,0.4771573873363989,62.40384615384615,1.014159409869374,78.58333333333334,0.6767682924291202,75.18,3.9746944335382564,99.53636363636363,0.26677209891978976,1.6680000000000004,2.2676983786441407,4.010991561181435,0.01991341735501857,12.9,1.0725941008895947,6.9799999999999915,0.7353747115014124,88.20675105485233,0.4863659703663574,94.66244725738397,0.2161148491756028,14.985000000000003,1.375598438957808,95.05940922668438,0.12476567372070271,5.917371430529933,0.018123982396657582,92.33333333333334,0.1854494993599754,53.8,0.17986193535452039,0.0,0.0,4.45,0.3887629503681483,10.816999999999858,0.26341139662831836,2.2,0.26979290303178055,0.1,0.1348964515158903,0.1,0.1348964515158903,0.0,0.0,0.0,0.0,703.0038999999956,5.653384801542826
"Baseline (slow, 8 checks)",no_lte,20,100.0,0.0,99.36666666666667,0.4737407685533019,87.23076923076924,0.4720105122401179,62.55769230769231,0.960229570676912,78.51666666666667,0.7334797142580487,75.22,3.987695681784947,99.54545454545455,0.2617450721954791,1.892999999999999,2.187787795367251,4.013586497890294,0.015457121181291517,12.25,0.9418632150102654,7.044999999999992,0.7172628953547143,88.27215189873418,0.42827553121984935,94.78270042194092,0.14724085919345312,14.467499999999998,0.8764023982647529,95.06073680716894,0.1242246833526267,5.917316810941303,0.018111768889606316,92.39791666666667,0.1905353424952073,53.95,0.09799999999999999,0.0,0.0,4.45,0.3887629503681483,10.818999999999857,0.2650672365943903,2.2,0.26979290303178055,0.1,0.1348964515158903,0.1,0.1348964515158903,0.0,0.0,0.0,0.0,703.061399999995,5.293142561241346
Baseline + duplicate video,no_lte,20,100.0,0.0,99.95,0.07149056290724919,87.16666666666666,0.4992135272788535,62.11538461538462,0.9987432152288909,78.4,0.7306026351761364,75.22,3.987695681784947,99.7,0.21362271767474056,2.268,0.7913856174158281,4.0129957805907175,0.01370415193594168,12.2,1.0506924032826113,6.989999999999992,0.7322474071399325,88.30801687763714,0.4009006801981393,94.74472573839662,0.1286061887506955,13.83125,0.5607728918057743,95.06272817789579,0.12528761941100497,5.9158824991798,0.015933292501276605,92.34479166666667,0.16513603592748008,53.85,0.16055889229418857,0.0,0.0,4.45,0.3887629503681483,10.814999999999857,0.27410326060388446,2.3,0.32111778458837714,0.05,0.09799999999999998,0.2,0.2292798795313159,49.77780905093958,0.0022944153487810437,0.0,0.0,1398.7557999998257,10.409928022637054
Proposed,no_lte,20,100.0,0.0,99.7,0.25480440841890434,87.12820512820512,0.47201051224011753,95.30769230769229,0.3652358103128029,78.44999999999999,0.6555217733390991,97.03999999999999,0.37035839257045167,99.6909090909091,0.21177653655541384,-3.577000000000001,0.9805198810512926,3.9973839662447253,0.054660886201594164,12.35,0.924530150941547,5.699999999999995,0.056877338008624705,94.21729957805904,0.13475681858855146,94.57805907172997,0.13935631359325884,0.643375,0.15026197005913583,75.38393627613674,0.9925157435641397,5.922804234281222,0.020828090492921867,92.23124999999999,0.19596193892143465,0.0,0.0,53.95,0.17269321749397412,5.95,0.48167667688256566,13.397999999999803,0.268965769060512,3.15,0.7148663474642248,0.5,0.3016376355130353,0.6,0.5007144369482679,0.9946128234030516,0.21280298563871367,0.0,0.0,361.1545999999978,8.53582294442853
Proposed - mission,no_lte,20,100.0,0.0,99.68333333333334,0.2977961546219189,87.02564102564102,0.5044122562756737,48.17307692307693,3.1766576777910105,78.41666666666666,0.576375344729193,61.0,3.461816645088317,99.7,0.21362271767474056,-3.1420000000000003,0.8680558413277097,3.8622362869198312,0.035678635649042396,13.4,1.0194380288849547,9.264999999999983,0.5982733242643477,85.22362869198312,0.5115829370606932,92.22995780590716,0.14377748419999453,9.04075,0.8496937383273055,76.02376369067375,0.9337214568827032,5.917487479245308,0.01635003401983861,92.221875,0.2127395216580419,0.0,0.0,53.95,0.09799999999999999,5.85,0.4557956605876434,13.398999999999802,0.26826688031451273,2.8,0.5243831463829919,0.4,0.26219157319149594,0.4,0.29826727681905135,0.5370819488487625,0.130781723576678,0.0,0.0,620.7354350000102,13.202165328663856
Proposed - predict,no_lte,20,100.0,0.0,99.51666666666668,0.3655318643561032,87.17948717948721,0.47257343493537873,95.57692307692307,0.2867954584798582,78.96666666666667,0.8289870659760347,97.06,0.37416038216110975,99.66363636363636,0.21518145938037894,1.5879999999999999,0.2975974569783819,3.8870464135021097,0.03170447711065499,11.75,0.7901012593332577,5.644999999999996,0.02650676179869255,94.29324894514767,0.13115597502828016,94.64556962025317,0.1272591216700564,0.8891250000000002,0.18716773778379986,75.94125456355792,0.9115577363683063,5.910204134545711,0.015315985284873351,92.24583333333334,0.18432458895537274,0.0,0.0,53.9,0.13489645151589028,5.95,0.5219677344333399,13.435999999999805,0.2767420054852474,2.95,0.5219677344333399,0.2,0.17986193535452044,0.8,0.5047363042640239,0.0,0.0,0.0,0.0,341.4964149999988,4.87174325128937
Proposed - degrade,no_lte,20,100.0,0.0,99.7,0.25480440841890434,87.12820512820512,0.47201051224011753,95.30769230769229,0.3652358103128029,78.44999999999999,0.6555217733390991,97.03999999999999,0.37035839257045167,99.6909090909091,0.21177653655541384,-3.577000000000001,0.9805198810512926,3.9973839662447253,0.054660886201594164,12.35,0.924530150941547,5.699999999999995,0.056877338008624705,94.21729957805904,0.13475681858855146,94.57805907172997,0.13935631359325884,4.53,0.5527120436157464,95.04679721208097,0.12572770962451535,5.922804234281222,0.020828090492921867,92.23124999999999,0.19596193892143465,53.95,0.17269321749397412,0.0,0.0,4.95,0.48167667688256566,10.847999999999859,0.26849176186518386,3.15,0.7148663474642248,0.5,0.3016376355130353,0.6,0.5007144369482679,0.9946128234030516,0.21280298563871367,0.0,0.0,361.1545999999978,8.53582294442853
Baseline,fast_fade,20,100.0,0.0,97.35000000000001,1.905057712744915,94.16666666666669,0.37337965559191627,65.67307692307693,1.323757416095452,78.81666666666668,0.6349799278496364,75.20000000000002,3.9810073731736737,99.53636363636363,0.26677209891978976,2.1099999999999994,0.7721478331320538,4.035548523206751,0.024954567881964266,13.35,1.0854764658410319,7.029999999999991,0.7250605840385423,89.53375527426161,0.5639887633881497,95.68776371308019,0.3060797779337207,24.108750000000004,2.5278273563581495,97.5552605376701,0.1067240258831434,5.910275530617781,0.008517687790499842,94.44166666666666,0.19365778884745763,53.85,0.2144716887217469,0.0,0.0,3.3,0.42894337744349387,6.1889999999999565,0.22723324052611182,4.0,0.0,0.0,0.0,0.0,0.0,0.0,0.0,26.69744999999988,1.1578583998082301,689.5556000000076,6.7890139457158405
"Baseline (fast, 1 check)",fast_fade,20,100.0,0.0,96.83333333333333,2.197489157309138,94.66666666666666,0.37110306524479764,65.92307692307692,1.4566375960636055,78.96666666666665,0.6684599740015141,75.20000000000002,3.982632274209978,99.53636363636363,0.26677209891978976,2.209999999999999,0.8471764461712612,4.0406751054852315,0.025381818986060654,12.7,1.182002226376031,7.034999999999991,0.7248060807808101,89.59704641350211,0.5536500761739134,95.70675105485233,0.3277887160545476,23.836250000000003,2.9280922570263894,97.55658811815468,0.10538333886491826,5.908464610725919,0.007915825662225717,94.45520833333333,0.17136370680796154,53.8,0.22927987953131584,0.0,0.0,3.3,0.42894337744349387,6.182999999999955,0.22486833406052473,4.0,0.0,0.0,0.0,0.0,0.0,0.0,0.0,28.75879999999986,0.7544583468958517,691.0245000000078,7.070593395554068
Baseline (5 checks),fast_fade,20,100.0,0.0,96.95,1.8309751404408203,93.67948717948717,0.3897537288261391,65.76923076923076,1.4562268706653199,78.61666666666666,0.7602506665721454,75.20000000000002,3.982632274209978,99.55454545454545,0.27050422847906463,2.3649999999999993,0.7225262088854048,4.026075949367089,0.02319041652656129,13.4,0.7839999999999999,7.03999999999999,0.724823515361532,89.39240506329114,0.5422498283330056,95.55063291139243,0.2863868408447295,25.438750000000002,2.35192336909155,97.55194158645868,0.1040549163035587,5.907739082557411,0.0081962854057114,94.40625,0.17738336811444802,53.9,0.13489645151589028,0.0,0.0,3.4,0.4359565405670133,6.184999999999955,0.22174640707941462,4.0,0.0,0.0,0.0,0.0,0.0,0.0,0.0,25.59209999999988,1.6847054646579445,688.5842000000073,6.749629429209342
"Baseline (slow, 8 checks)",fast_fade,20,100.0,0.0,97.53333333333335,1.2721691748178479,93.0,0.4796927976424477,65.51923076923076,1.270021481094555,78.50000000000001,0.8898925620151139,75.22,3.987695681784947,99.55454545454545,0.27050422847906463,2.164999999999999,0.35367432595836684,4.025274261603376,0.015791906025761596,13.45,1.1239122460593198,7.044999999999992,0.7209181558044001,89.31434599156118,0.4675115406405249,95.52320675105486,0.20963846531643243,25.777500000000003,1.838268021950639,97.53070029870563,0.10586452553396322,5.9154866680572855,0.014472358162771837,94.34374999999999,0.17386058158042988,53.95,0.09799999999999999,0.0,0.0,3.5,0.41456127729393505,6.232999999999954,0.22483236534196094,4.0,0.0,0.0,0.0,0.0,0.0,0.0,0.0,24.316099999999885,1.7441842736507105,689.4909000000063,5.461356993753348
Baseline + duplicate video,fast_fade,20,100.0,0.0,99.86666666666667,0.22927987953131546,94.82051282051283,0.3936986622164548,65.8076923076923,1.25774530958408,78.08333333333334,0.6565491033778039,75.20000000000002,3.9810073731736737,99.70909090909092,0.215375508891705,1.8,0.7150897524823462,4.052658227848101,0.021640829964035414,11.95,0.8819999999999999,7.039999999999992,0.7214683506936584,89.92194092827005,0.4515072728342636,96.07172995780593,0.0899757867017205,20.32375,0.5598549787550722,97.55658811815468,0.1059902596636879,5.900906729993276,0.001562163150085746,94.47708333333334,0.15767166570651373,53.8,0.17986193535452039,0.0,0.0,3.3,0.42894337744349387,6.170999999999957,0.22375422964540445,4.0,0.0,0.0,0.0,0.0,0.0,49.77964571035525,0.006536649436707893,68.93049999999968,7.103631334137274,1375.6221999998324,14.639173589864766
Proposed,fast_fade,20,100.0,0.0,99.55,0.3426928449280957,98.89743589743591,0.3499004322197384,95.51923076923076,0.35976959823183546,78.46666666666667,0.7965084038645793,97.03999999999999,0.3789926148426425,99.7,0.21362271767474056,-3.440000000000002,1.3048190059605158,4.125949367088608,0.05130021299950529,11.35,1.0854764658410319,5.734999999999995,0.08324688709210852,96.16244725738399,0.13608587899118427,96.51687763713082,0.14012587914214109,0.865875,0.20693934291490498,79.2490043146366,0.9846329238850886,5.902332193710356,0.005382008125574826,94.30729166666666,0.19955577379036235,0.0,0.0,53.95,0.09799999999999999,4.8,0.5616187131385211,8.752999999999902,0.22760309145989888,5.5,0.6744822575794515,0.6,0.35972387070904077,0.7,0.4289433774434937,1.7217156380500065,0.3087600785499491,18.63399999999998,1.3687618814701197,376.1490499999959,8.046341220517487
Proposed - mission,fast_fade,20,100.0,0.0,99.66666666666666,0.2681223426782539,98.6923076923077,0.3908181082420401,48.46153846153847,3.1573561982402585,78.49999999999999,0.54145612642402,60.86,2.861034695424202,99.69090909090909,0.2117765365554139,-3.560000000000001,1.672243310929174,4.007257383966245,0.033762568867593004,13.3,1.1472809044363157,9.444999999999983,0.6105171905851605,87.16666666666667,0.5167870940016789,94.04430379746833,0.1742270316546168,9.380625000000002,0.9349090025765526,80.18551277796217,0.9250131078502513,5.905083063363271,0.007143085451776367,94.340625,0.20626790437083986,0.0,0.0,53.9,0.13489645151589028,4.75,0.5484130214585201,8.771999999999903,0.22999130711260848,5.45,0.7453291748934617,0.5,0.3016376355130353,1.05,0.6275061752684192,1.1032162006120652,0.1471190066926546,24.32429999999989,0.38463336887947247,645.6769150000084,12.824351386962922
Proposed - predict,fast_fade,20,100.0,0.0,99.55000000000001,0.26927196625877214,98.75641025641025,0.322571654681391,95.5,0.2739950921005217,78.14999999999999,0.6041590550034736,97.08,0.3777100642444933,99.65454545454546,0.21303524919334055,1.1499999999999986,0.14972898464260387,4.032151898734177,0.03617739137968449,13.25,1.1800762687216448,5.7149999999999945,0.07823864975694192,96.09071729957807,0.12003562496685957,96.43881856540085,0.10502079592089822,1.944125,0.2916249261307913,80.5086292731497,1.0123318302742006,5.902752954545102,0.005402906953907341,94.32083333333333,0.1789815485932618,0.0,0.0,53.8,0.2292798795313159,4.5,0.5027293925217254,8.748999999999901,0.2259841035862524,4.4,0.4585597590626318,0.1,0.1348964515158903,0.4,0.4585597590626318,0.0,0.0,14.629074999999895,0.38775480094424875,356.00151499999623,5.706559992440712
Proposed - degrade,fast_fade,20,100.0,0.0,99.55,0.3426928449280957,98.89743589743591,0.3499004322197384,95.51923076923076,0.35976959823183546,78.46666666666667,0.7965084038645793,97.03999999999999,0.3789926148426425,99.7,0.21362271767474056,-3.440000000000002,1.3048190059605158,4.125949367088608,0.05130021299950529,11.35,1.0854764658410319,5.734999999999995,0.08324688709210852,96.16244725738399,0.13608587899118427,96.51687763713082,0.14012587914214109,5.05375,0.6072970541454028,97.53866578161303,0.10960876180567715,5.902332193710356,0.005382008125574826,94.30729166666666,0.19955577379036235,53.95,0.09799999999999999,0.0,0.0,3.8,0.5616187131385211,6.206999999999955,0.22708726836313253,5.5,0.6744822575794515,0.6,0.35972387070904077,0.7,0.4289433774434937,1.7217156380500065,0.3087600785499491,18.63399999999998,1.3687618814701197,376.1490499999959,8.046341220517487
